index,add_date,rank,title,cm_track_id,artist_names,cm_artist_ids,current_plays,time_on_chart,velocity,primary_artist,secondary_artist,primary_artist ID,secondfary_artist ID,Prim: Jan. 5-Listeners,Prim: Dec. 6-Listeners,collab,max velocity,peak weekly rank,peak weekly play count,best or worst,listener difference,listener diff. %,Prim: Dec. 6-Followers,current engagement,career status,emerging
0,2020-01-16T00:00:00.000Z,90,Burberry faygo,28182720,['Lil Adrei'],[3519112],2441829,1,,Lil Adrei,,3519112,,293,1,False,,90,2441829,worst50,-292,-99.65870307167236,211,211.0,indie,True
1,2020-01-16T00:00:00.000Z,149,Up The Smoke (with Offset),26950349,"['Stunna 4 Vegas', 'Offset']","[1366399, 308891]",1911216,5,-1.57142857142857,Stunna 4 Vegas,Offset,1366399,308891.0,3982332,4441837,True,6.142857142857139,138,1911216,worst50,459505,11.538590956253776,446619,0.10054826415287188,indie,False
2,2020-01-16T00:00:00.000Z,173,Kraazy,18618815,['Likybo'],[524838],1800754,1,,Likybo,,524838,,125390,751630,False,,173,1800754,worst50,626240,499.4337666480581,34143,0.045425275734071284,indie,False
3,2020-01-23T00:00:00.000Z,150,Faygo,24265507,['The 7 Dimensions'],[1623316],2018669,1,,The 7 Dimensions,,1623316,,15,1,False,,150,2018669,worst50,-14,-93.33333333333331,640,640.0,indie,True
4,2020-01-23T00:00:00.000Z,155,Somebody,25947543,"['Internet Money', 'Lil Tecca', 'A Boogie Wit da Hoodie']","[1146681, 1014878, 195737]",1986330,14,-2.71428571428571,Internet Money,Lil Tecca,1146681,1014878.0,3332735,29842456,True,0.5714285714285711,122,2050934,worst50,26509721,795.4344104766806,169846,0.0056914216443847655,indie,False
5,2020-01-23T00:00:00.000Z,176,First Place,28213966,"['Polo G', 'Lil Tjay']","[1120779, 1349373]",1849723,1,,Polo G,Lil Tjay,1120779,1349373.0,6972084,14502757,True,,176,1849723,worst50,7530673,108.0117938911809,2513278,0.17329656699067633,indie,False
6,2020-01-23T00:00:00.000Z,200,"Under The Sun (feat. J. Cole, Lute & DaBaby)",24331006,"['Dreamville', 'J. Cole', 'Lute', 'DaBaby']","[1610170, 3530, 731170, 398544]",1709303,11,,Dreamville,J. Cole,1610170,3530.0,5952166,4341125,True,,200,1709303,worst50,-1611041,-27.066466224228286,306283,0.07055383109217081,indie,False
7,2020-01-30T00:00:00.000Z,164,Break My Stride,15812592,['Matthew Wilder'],[209995],1823713,2,-5.0,Matthew Wilder,,209995,,1708455,3344978,False,-5.0,129,2202532,worst50,1636523,95.78964620080716,26235,0.007843100911276546,indie,False
8,2020-01-30T00:00:00.000Z,200,My Type,22674262,['Saweetie'],[808784],1632485,25,,Saweetie,,808784,,6362805,11227135,False,-1.0,182,1675437,worst50,4864330,76.44945900432279,816580,0.0727327140895696,indie,False
9,2020-02-06T00:00:00.000Z,155,U Played (feat. Lil Baby),28071980,"['Moneybagg Yo', 'Lil Baby']","[601328, 731530]",1839713,4,-1.57142857142857,Moneybagg Yo,Lil Baby,601328,731530.0,4582656,6836398,True,-1.14285714285714,101,2296195,worst50,2253742,49.17982061058043,1703878,0.24923622059452946,indie,True
10,2020-02-13T00:00:00.000Z,116,Revenge,28380965,['Joyner Lucas'],[208966],2033146,1,,Joyner Lucas,,208966,,5570140,6834123,False,,116,2033146,worst50,1263983,22.692122639646396,1483674,0.21709793634091748,indie,False
11,2020-02-13T00:00:00.000Z,159,Cash Shit (feat. Da Baby),23214451,"['Megan Thee Stallion', 'DaBaby']","[788785, 398544]",1793358,32,-2.85714285714286,Megan Thee Stallion,DaBaby,788785,398544.0,7364874,33408712,True,3.14285714285714,112,2161984,worst50,26043838,353.6223158739715,2628012,0.07866247582367138,indie,False
12,2020-02-13T00:00:00.000Z,163,Diva (feat. Lil Tecca),28333927,"['The Kid LAROI', 'Lil Tecca']","[1333786, 1014878]",1757439,2,-7.0,The Kid LAROI,Lil Tecca,1333786,1014878.0,403958,17121042,True,-7.0,114,2092694,worst50,16717084,4138.322300833255,791775,0.046245724997345375,indie,False
13,2020-02-13T00:00:00.000Z,174,UP THE SMOKE (with Offset),26950349,"['Stunna 4 Vegas', 'Offset']","[1366399, 308891]",1680362,3,,Stunna 4 Vegas,Offset,1366399,308891.0,3982332,4441837,True,-1.14285714285714,167,1904090,worst50,459505,11.538590956253776,446619,0.10054826415287188,indie,False
14,2020-02-13T00:00:00.000Z,189,Faucet Failure,22039291,['Ski Mask The Slump God'],[238275],1633724,59,-0.14285714285714302,Ski Mask The Slump God,,238275,,7992604,7195460,False,0.7142857142857142,160,1794464,worst50,-797144,-9.973520519720482,3712707,0.5159791034902563,indie,True
15,2020-02-27T00:00:00.000Z,142,Shake The Room (feat. Quavo),28403251,"['Pop Smoke', 'Quavo']","[1401297, 38780]",1947724,2,,Pop Smoke,Quavo,1401297,38780.0,4275931,39885895,True,,142,1947724,worst50,35609964,832.8002486476046,2726875,0.068366900128479,indie,False
16,2020-03-05T00:00:00.000Z,175,How I Move (feat. Lil Baby),27322391,"['Flipp Dinero', 'Lil Baby']","[537971, 731530]",1862519,12,-3.28571428571429,Flipp Dinero,Lil Baby,537971,731530.0,6430752,4927658,True,5.14285714285714,118,2209553,worst50,-1503094,-23.373533919516724,755419,0.15330183222942825,indie,False
17,2020-03-12T00:00:00.000Z,76,Happiness Over Everything (H.O.E.) (feat. Future & Miguel),28607668,"['Jhené Aiko', 'Future', 'Miguel']","[99401, 3870, 3853]",3089221,1,,Jhené Aiko,Future,99401,3870.0,6692896,9915900,True,,76,3089221,worst50,3223004,48.155596620655686,3898004,0.3931064250345405,indie,True
18,2020-03-12T00:00:00.000Z,127,None Of Your Concern (feat. Big Sean),27340142,"['Jhené Aiko', 'Big Sean']","[99401, 2926]",2195334,1,,Jhené Aiko,Big Sean,99401,2926.0,6692896,9915900,True,,127,2195334,worst50,3223004,48.155596620655686,3898004,0.3931064250345405,indie,True
19,2020-03-12T00:00:00.000Z,133,Triggered (freestyle),22953193,['Jhené Aiko'],[99401],2158156,1,,Jhené Aiko,,99401,,6692896,9915900,False,,133,2158156,worst50,3223004,48.155596620655686,3898004,0.3931064250345405,indie,True
20,2020-03-12T00:00:00.000Z,163,P*$$Y Fairy (OTW),28678788,['Jhené Aiko'],[99401],1956442,1,,Jhené Aiko,,99401,,6692896,9915900,False,5.857142857142861,110,2225146,worst50,3223004,48.155596620655686,3898004,0.3931064250345405,indie,True
21,2020-03-12T00:00:00.000Z,167,Lottery (Renegade),22696770,['K CAMP'],[4617],1910576,6,-4.85714285714286,K CAMP,,4617,,4331622,3887872,False,8.71428571428571,99,2273960,worst50,-443750,-10.244430377350564,1230550,0.31650990567590703,indie,True
22,2020-03-12T00:00:00.000Z,186,SUGAR (Remix) [feat. Dua Lipa],28670326,"['BROCKHAMPTON', 'Dua Lipa']","[80749, 5381]",1781774,1,,BROCKHAMPTON,Dua Lipa,80749,5381.0,6245954,8268495,True,,186,1781774,worst50,2022541,32.381618564593985,1630040,0.19713865703492595,indie,False
23,2020-03-12T00:00:00.000Z,198,B.I.T.C.H.,28279662,['Megan Thee Stallion'],[788785],1752906,1,,Megan Thee Stallion,,788785,,7364874,33408712,False,-13.142857142857098,46,3621036,best50,26043838,353.6223158739715,2628012,0.07866247582367138,indie,False
24,2020-03-19T00:00:00.000Z,157,Had Enough (feat. Quavo & Offset),28008317,"['Offset', 'Quavo']","[689070, 38780]",1822045,1,,Offset,Quavo,689070,38780.0,44837,21175,True,-0.14285714285714302,54,3012901,worst50,-23662,-52.77337912884448,667,0.031499409681227865,indie,False
25,2020-03-19T00:00:00.000Z,190,VALENTINO,22325171,['24kGoldn'],[1005525],1635539,16,,24kGoldn,,1005525,,5790432,42134582,False,2.0,73,2541856,worst50,36344150,627.6586962768928,557965,0.013242447735686568,indie,False
26,2020-03-26T00:00:00.000Z,184,"All I Want - From ""High School Musical: The Musical: The Series""",27528385,['Olivia Rodrigo'],[260477],1545359,13,1.7142857142857095,Olivia Rodrigo,,260477,,1829803,4981888,False,14.0,64,2955312,worst50,3152085,172.26362619363942,179598,0.03605018820174199,indie,False
27,2020-04-02T00:00:00.000Z,128,Will,28861618,['Joyner Lucas'],[208966],1913944,1,,Joyner Lucas,,208966,,5570140,6834123,False,,128,1913944,worst50,1263983,22.692122639646396,1483674,0.21709793634091748,indie,False
28,2020-04-02T00:00:00.000Z,194,Addison Rae,28817902,['The Kid LAROI'],[1333786],1506772,1,,The Kid LAROI,,1333786,,403958,17121042,False,,194,1506772,worst50,16717084,4138.322300833255,791775,0.046245724997345375,indie,False
29,2020-04-09T00:00:00.000Z,110,Kinfolks,25895698,['Sam Hunt'],[4954],1944676,1,,Sam Hunt,,4954,,6174734,6243358,False,,110,1944676,worst50,68624,1.1113677123581356,1986473,0.31817380967101355,indie,True
30,2020-04-09T00:00:00.000Z,136,Little Things (with Quinn XCII & Chelsea Cutler),28896647,"['Louis The Child', 'Quinn XCII', 'Chelsea Cutler']","[4985, 214809, 406347]",1741492,1,,Louis The Child,Quinn XCII,4985,214809.0,4707634,5275646,True,,136,1741492,worst50,568012,12.065763821061704,388393,0.07361998890751957,indie,False
31,2020-04-09T00:00:00.000Z,137,2016,28896626,['Sam Hunt'],[4954],1734808,1,,Sam Hunt,,4954,,6174734,6243358,False,,137,1734808,worst50,68624,1.1113677123581356,1986473,0.31817380967101355,indie,True
32,2020-04-09T00:00:00.000Z,162,Hard To Forget,28405772,['Sam Hunt'],[4954],1596043,1,,Sam Hunt,,4954,,6174734,6243358,False,,162,1596043,worst50,68624,1.1113677123581356,1986473,0.31817380967101355,indie,True
33,2020-04-16T00:00:00.000Z,86,Cruel Intentions,28603203,"['Delacey', 'G-Eazy']","[420645, 4114]",2021905,3,-4.142857142857141,Delacey,G-Eazy,420645,4114.0,614050,617757,True,19.2857142857143,57,2575552,worst50,3707,0.6036967673642212,28531,0.04618482671989148,indie,False
34,2020-04-16T00:00:00.000Z,144,Inside Friend (feat. John Mayer),28995982,"['Leon Bridges', 'John Mayer']","[5124, 1071]",1581307,1,,Leon Bridges,John Mayer,5124,1071.0,6968266,9456828,True,,144,1581307,worst50,2488562,35.71278708361593,1114131,0.11781233622944184,indie,False
35,2020-04-16T00:00:00.000Z,173,Dior (with Gunna) - Remix,28459888,"['Pop Smoke', 'Gunna']","[1401297, 620149]",1449050,5,1.14285714285714,Pop Smoke,Gunna,1401297,620149.0,4275931,39885895,True,1.14285714285714,169,1804297,worst50,35609964,832.8002486476046,2726875,0.068366900128479,indie,False
36,2020-04-16T00:00:00.000Z,179,The Adults Are Talking,28999115,['The Strokes'],[1011],1429862,1,,The Strokes,,1011,,5939392,7470435,False,,179,1429862,worst50,1531043,25.77777321315044,3404749,0.45576315167724496,indie,True
37,2020-04-16T00:00:00.000Z,183,Envy Me,20631889,['Calboy'],[839914],1419469,42,-1.0,Calboy,,839914,,4371389,3211682,False,3.14285714285714,158,1813027,worst50,-1159707,-26.529485250569092,610201,0.1899942148693426,indie,False
38,2020-04-16T00:00:00.000Z,185,Trust,21820101,['Brent Faiyaz'],[207300],1417857,8,0.5714285714285711,Brent Faiyaz,,207300,,2112045,5923209,False,1.57142857142857,89,2430713,worst50,3811164,180.44899611513958,1092542,0.18445102983872425,indie,False
39,2020-04-16T00:00:00.000Z,194,Brooklyn Bridge To Chorus,28907615,['The Strokes'],[1011],1385231,1,,The Strokes,,1011,,5939392,7470435,False,,194,1385231,worst50,1531043,25.77777321315044,3404749,0.45576315167724496,indie,True
40,2020-04-23T00:00:00.000Z,164,Fade Away,29094406,"['The Kid LAROI', 'Lil Tjay']","[1333786, 1349373]",1552210,1,,The Kid LAROI,Lil Tjay,1333786,1349373.0,403958,17121042,True,,164,1552210,worst50,16717084,4138.322300833255,791775,0.046245724997345375,indie,False
41,2020-04-23T00:00:00.000Z,177,Leader Of The Delinquents,29058301,['Kid Cudi'],[3213],1506443,1,,Kid Cudi,,3213,,7852913,16438484,False,,177,1506443,worst50,8585571,109.32976081614555,4183290,0.2544814959822329,indie,True
42,2020-04-23T00:00:00.000Z,188,I Want You To Love Me,29096702,['Fiona Apple'],[262],1477522,1,,Fiona Apple,,262,,1702185,1881594,False,,188,1477522,worst50,179409,10.539923686320817,727007,0.3863782516313296,indie,True
43,2020-04-30T00:00:00.000Z,181,Sick and Tired,29094944,"['iann dior', 'Machine Gun Kelly', 'Travis Barker']","[1416285, 3991, 216839]",1453550,2,-11.5714285714286,iann dior,Machine Gun Kelly,1416285,3991.0,4480855,39141809,True,-11.5714285714286,100,2069669,worst50,34660954,773.5343812732167,850496,0.02172858183432452,indie,False
44,2020-04-30T00:00:00.000Z,183,ORANGE SODA,24494993,['Baby Keem'],[1154357],1449416,22,1.14285714285714,Baby Keem,,1154357,,3171892,4219464,False,3.4285714285714306,54,3121997,worst50,1047572,33.026723482388434,169460,0.04016149918567856,indie,False
45,2020-04-30T00:00:00.000Z,185,Nobody But You (Duet with Gwen Stefani),27661595,"['Blake Shelton', 'Gwen Stefani']","[1258, 1541]",1443311,1,,Blake Shelton,Gwen Stefani,1258,1541.0,7294325,8038171,True,,185,1443311,worst50,743846,10.1975988182594,5426745,0.6751218654094321,indie,True
46,2020-04-30T00:00:00.000Z,192,GOODMORNINGTOKYO!,26287895,['TOKYO’S REVENGE'],[1589511],1419830,20,-3.0,TOKYO’S REVENGE,,1589511,,2090077,3248601,False,5.71428571428571,44,3698347,best50,1158524,55.42972818704765,204040,0.06280857513742069,indie,False
47,2020-05-07T00:00:00.000Z,48,Turks (feat. Travis Scott),28856233,"['NAV', 'Gunna', 'Travis Scott']","[476687, 620149, 4215]",3324357,6,-2.71428571428571,NAV,Gunna,476687,620149.0,7833614,10431009,True,-0.28571428571428603,4,8502704,best50,2597395,33.15704603264854,2267113,0.2173435954278249,indie,True
48,2020-05-07T00:00:00.000Z,123,Qué Maldición,29264315,"['Banda MS de Sergio Lizárraga', 'Snoop Dogg']","[143281, 60]",1859666,1,,Banda MS de Sergio Lizárraga,Snoop Dogg,143281,60.0,6415424,8174177,True,,123,1859666,worst50,1758753,27.414446808192253,9882423,1.2089807940297843,indie,True
49,2020-05-07T00:00:00.000Z,124,Moral of the Story,22431307,['Ashe'],[213758],1858878,11,-2.28571428571429,Ashe,,213758,,916874,6667374,False,0.5714285714285711,30,4315823,best50,5750500,627.1854147898183,349337,0.05239499089146642,indie,False
50,2020-05-07T00:00:00.000Z,185,Coffee,29257202,"['Quinn XCII', 'Marc E. Bassy']","[214809, 5727]",1529566,1,,Quinn XCII,Marc E. Bassy,214809,5727.0,6565662,6784005,True,,185,1529566,worst50,218343,3.3255290936389965,560033,0.08255197335497247,indie,False
51,2020-05-14T00:00:00.000Z,70,Codeine (feat. Gunna),29347869,"['NAV', 'Gunna']","[476687, 749368]",2272918,1,,NAV,Gunna,476687,749368.0,7833614,10431009,True,,70,2272918,worst50,2597395,33.15704603264854,2267113,0.2173435954278249,indie,True
52,2020-05-14T00:00:00.000Z,75,@ MEH,29093768,['Playboi Carti'],[470449],2188789,4,-1.57142857142857,Playboi Carti,,470449,,5973554,7897263,False,-1.57142857142857,8,6233724,best50,1923709,32.203760106629986,4129145,0.5228577293171065,indie,True
53,2020-05-14T00:00:00.000Z,140,Saint Laurenttt,29347446,['NAV'],[476687],1724686,1,,NAV,,476687,,7833614,10431009,False,,140,1724686,worst50,2597395,33.15704603264854,2267113,0.2173435954278249,indie,True
54,2020-05-14T00:00:00.000Z,146,Status (feat. Lil Uzi Vert),29347690,"['NAV', 'Lil Uzi Vert']","[476687, 5732]",1711954,1,,NAV,Lil Uzi Vert,476687,5732.0,7833614,10431009,True,,146,1711954,worst50,2597395,33.15704603264854,2267113,0.2173435954278249,indie,True
55,2020-05-14T00:00:00.000Z,149,My Business (feat. Future),29347590,"['NAV', 'Future']","[476687, 3870]",1699123,1,,NAV,Future,476687,3870.0,7833614,10431009,True,,149,1699123,worst50,2597395,33.15704603264854,2267113,0.2173435954278249,indie,True
56,2020-05-14T00:00:00.000Z,150,Run It Up (feat. Pop Smoke),29347589,"['NAV', 'Pop Smoke']","[476687, 1401297]",1699003,1,,NAV,Pop Smoke,476687,1401297.0,7833614,10431009,True,,150,1699003,worst50,2597395,33.15704603264854,2267113,0.2173435954278249,indie,True
57,2020-05-14T00:00:00.000Z,166,Recap (feat. Don Toliver),29347650,"['NAV', 'Don Toliver']","[476687, 838183]",1612736,1,,NAV,Don Toliver,476687,838183.0,7833614,10431009,True,,166,1612736,worst50,2597395,33.15704603264854,2267113,0.2173435954278249,indie,True
58,2020-05-14T00:00:00.000Z,168,No Debate (feat. Young Thug),29347643,"['NAV', 'Young Thug']","[476687, 4517]",1604452,1,,NAV,Young Thug,476687,4517.0,7833614,10431009,True,,168,1604452,worst50,2597395,33.15704603264854,2267113,0.2173435954278249,indie,True
59,2020-05-21T00:00:00.000Z,79,Beautiful Pain (Losin My Mind),29427890,['Polo G'],[1120779],2331472,1,,Polo G,,1120779,,6972084,14502757,False,,79,2331472,worst50,7530673,108.0117938911809,2513278,0.17329656699067633,indie,False
60,2020-05-21T00:00:00.000Z,104,Heartless (feat. Mustard),25273049,"['Polo G', 'Mustard']","[1120779, 4573]",2026621,1,,Polo G,Mustard,1120779,4573.0,6972084,14502757,True,,104,2026621,worst50,7530673,108.0117938911809,2513278,0.17329656699067633,indie,False
61,2020-05-21T00:00:00.000Z,127,33,29427846,['Polo G'],[1120779],1848996,1,,Polo G,,1120779,,6972084,14502757,False,,127,1848996,worst50,7530673,108.0117938911809,2513278,0.17329656699067633,indie,False
62,2020-05-21T00:00:00.000Z,142,I Know,29427856,['Polo G'],[1120779],1767056,1,,Polo G,,1120779,,6972084,14502757,False,,142,1767056,worst50,7530673,108.0117938911809,2513278,0.17329656699067633,indie,False
63,2020-05-21T00:00:00.000Z,144,DND,28997225,['Polo G'],[1120779],1758038,1,,Polo G,,1120779,,6972084,14502757,False,-11.857142857142902,69,2273951,worst50,7530673,108.0117938911809,2513278,0.17329656699067633,indie,False
64,2020-05-21T00:00:00.000Z,154,Don't Believe The Hype,29427864,['Polo G'],[1120779],1710305,1,,Polo G,,1120779,,6972084,14502757,False,,154,1710305,worst50,7530673,108.0117938911809,2513278,0.17329656699067633,indie,False
65,2020-05-21T00:00:00.000Z,173,Wishing For A Hero (feat. BJ The Chicago Kid),29427887,"['Polo G', 'BJ The Chicago Kid']","[1120779, 13578]",1586814,1,,Polo G,BJ The Chicago Kid,1120779,13578.0,6972084,14502757,True,,173,1586814,worst50,7530673,108.0117938911809,2513278,0.17329656699067633,indie,False
66,2020-05-21T00:00:00.000Z,190,Lonely If You Are,23902902,['Chase Rice'],[4280],1532216,1,,Chase Rice,,4280,,2949484,2921153,False,,190,1532216,worst50,-28331,-0.9605408946107185,840112,0.2875960280067494,indie,True
67,2020-05-28T00:00:00.000Z,89,Daechwita,29510009,['Agust D'],[1404760],2080834,1,,Agust D,,1404760,,628422,2866059,False,,89,2080834,worst50,2237637,356.07235265474475,3427563,1.195915017799703,indie,True
68,2020-05-28T00:00:00.000Z,127,Angels & Demons,29461594,['jxdn'],[3573734],1778715,1,,jxdn,,3573734,,71381,3245548,False,,127,1778715,worst50,3174167,4446.795365713565,527144,0.1624206451422071,indie,False
69,2020-05-28T00:00:00.000Z,187,Will - Remix,29432366,"['Joyner Lucas', 'Will Smith']","[208966, 130]",1513668,2,-13.4285714285714,Joyner Lucas,Will Smith,208966,130.0,5570140,6834123,True,-13.4285714285714,93,2117838,worst50,1263983,22.692122639646396,1483674,0.21709793634091748,indie,False
70,2020-06-04T00:00:00.000Z,182,Six Feet Apart,29260566,['Luke Combs'],[207759],1497177,4,,Luke Combs,,207759,,7904711,11328621,False,-4.57142857142857,68,2713029,worst50,3423910,43.31480303327977,3859200,0.3406592911882214,indie,True
71,2020-06-04T00:00:00.000Z,197,Skechers,28242824,['DripReport'],[3422954],1459467,11,-4.28571428571429,DripReport,,3422954,,44366,3435273,False,2.85714285714286,57,2514808,worst50,3390907,7643.030699184059,81873,0.02383304034351855,indie,False
72,2020-06-11T00:00:00.000Z,122,JU$T (feat. Pharrell Williams & Zack de la Rocha),29671615,"['Run The Jewels', 'Zack De La Rocha', 'Pharrell Williams']","[4578, 114574, 2143]",1750054,1,,Run The Jewels,Zack De La Rocha,4578,114574.0,1383206,3109864,True,,122,1750054,worst50,1726658,124.83014099129123,824980,0.2652784816313511,indie,True
73,2020-06-11T00:00:00.000Z,148,Beer Can’t Fix,23214435,"['Thomas Rhett', 'Jon Pardi']","[4222, 4510]",1612473,4,-0.5714285714285711,Thomas Rhett,Jon Pardi,4222,4510.0,7346241,10873168,True,4.57142857142857,144,1682250,worst50,3526927,48.00995502325611,3617276,0.3326791235084384,indie,True
74,2020-06-18T00:00:00.000Z,144,Sick and Tired (ft. Machine Gun Kelly and Travis Barker),29094944,"['iann dior', 'Machine Gun Kelly', 'Travis Barker']","[1416285, 3991, 216839]",1669217,1,,iann dior,Machine Gun Kelly,1416285,3991.0,4480855,39141809,True,,144,1669217,worst50,34660954,773.5343812732167,850496,0.02172858183432452,indie,False
75,2020-06-18T00:00:00.000Z,183,Pretty Girls,29692228,['iann dior'],[1416285],1508574,1,,iann dior,,1416285,,4480855,39141809,False,,183,1508574,worst50,34660954,773.5343812732167,850496,0.02172858183432452,indie,False
76,2020-06-18T00:00:00.000Z,185,IDK You Yet,28987886,['Alexander 23'],[1422356],1496554,4,-1.14285714285714,Alexander 23,,1422356,,2467134,5647140,False,-0.14285714285714302,163,1608245,worst50,3180006,128.89474183404712,109690,0.01942399161345389,indie,False
77,2020-06-18T00:00:00.000Z,187,Does To Me (feat. Eric Church),26292344,"['Luke Combs', 'Eric Church']","[207759, 2657]",1495569,5,-3.0,Luke Combs,Eric Church,207759,2657.0,7904711,11328621,True,3.28571428571429,130,1771317,worst50,3423910,43.31480303327977,3859200,0.3406592911882214,indie,True
78,2020-06-18T00:00:00.000Z,196,CITY OF ANGELS,27456981,['24kGoldn'],[1005525],1472845,18,-2.14285714285714,24kGoldn,,1005525,,5790432,42134582,False,18.1428571428571,44,3592929,best50,36344150,627.6586962768928,557965,0.013242447735686568,indie,False
79,2020-06-25T00:00:00.000Z,181,Lockdown,29841447,['Anderson .Paak'],[4911],1475271,1,,Anderson .Paak,,4911,,6121286,7057785,False,,181,1475271,worst50,936499,15.299056440100985,1637236,0.23197589612038336,indie,True
80,2020-06-25T00:00:00.000Z,193,Hurricane,14341351,['Luke Combs'],[207759],1447880,47,-0.14285714285714302,Luke Combs,,207759,,7904711,11328621,False,2.14285714285714,179,1534614,worst50,3423910,43.31480303327977,3859200,0.3406592911882214,indie,True
81,2020-06-25T00:00:00.000Z,195,One Man Band,22289522,['Old Dominion'],[5110],1442446,4,-1.28571428571429,Old Dominion,,5110,,5056077,4903114,False,5.428571428571429,97,2160881,worst50,-152963,-3.0253297170909383,893198,0.1821695355237508,indie,False
82,2020-07-02T00:00:00.000Z,145,Make It Rain,29763216,"['Pop Smoke', 'Rowdy Rebel']","[1401297, 217007]",1636309,3,-1.57142857142857,Pop Smoke,Rowdy Rebel,1401297,217007.0,4275931,39885895,True,-1.57142857142857,49,3046089,best50,35609964,832.8002486476046,2726875,0.068366900128479,indie,False
83,2020-07-02T00:00:00.000Z,149,This City,18232032,['Sam Fischer'],[568782],1618769,11,0.857142857142857,Sam Fischer,,568782,,2143356,8243757,False,3.85714285714286,144,1732025,worst50,6100401,284.6191206687083,67683,0.008210212892010281,indie,False
84,2020-07-02T00:00:00.000Z,163,I Hope You’re Happy Now,25353107,['Carly Pearce'],[299279],1565052,4,0.28571428571428603,Carly Pearce,,299279,,2305781,2904713,False,0.28571428571428603,163,1565052,worst50,598932,25.97523355427077,150417,0.05178377347435013,indie,False
85,2020-07-02T00:00:00.000Z,192,Costa Rica,28147359,['Bankrol Hayden'],[1059073],1465083,1,,Bankrol Hayden,,1059073,,1116691,3482601,False,-0.7142857142857142,118,1912396,worst50,2365910,211.86792049009082,267676,0.07686094387499458,indie,False
86,2020-07-09T00:00:00.000Z,37,Creature (feat. Swae Lee),29991729,"['Pop Smoke', 'Swae Lee']","[1401297, 426751]",3347767,1,,Pop Smoke,Swae Lee,1401297,426751.0,4275931,39885895,True,,37,3347767,best50,35609964,832.8002486476046,2726875,0.068366900128479,indie,False
87,2020-07-09T00:00:00.000Z,46,Yea Yea,29992616,['Pop Smoke'],[1401297],3086658,1,,Pop Smoke,,1401297,,4275931,39885895,False,,46,3086658,best50,35609964,832.8002486476046,2726875,0.068366900128479,indie,False
88,2020-07-09T00:00:00.000Z,60,Snitching (feat. Quavo & Future),29991510,"['Pop Smoke', 'Quavo', 'Future']","[1401297, 38780, 3870]",2792651,1,,Pop Smoke,Quavo,1401297,38780.0,4275931,39885895,True,,60,2792651,worst50,35609964,832.8002486476046,2726875,0.068366900128479,indie,False
89,2020-07-09T00:00:00.000Z,66,Bad Bitch From Tokyo (Intro),29992514,['Pop Smoke'],[1401297],2712082,1,,Pop Smoke,,1401297,,4275931,39885895,False,,66,2712082,worst50,35609964,832.8002486476046,2726875,0.068366900128479,indie,False
90,2020-07-09T00:00:00.000Z,79,West Coast Shit (feat. Tyga & Quavo),29992512,"['Pop Smoke', 'Tyga', 'Quavo']","[1401297, 3184, 38780]",2545924,1,,Pop Smoke,Tyga,1401297,3184.0,4275931,39885895,True,,79,2545924,worst50,35609964,832.8002486476046,2726875,0.068366900128479,indie,False
91,2020-07-09T00:00:00.000Z,96,Tunnel Vision (Outro),29992676,['Pop Smoke'],[1401297],2097072,1,,Pop Smoke,,1401297,,4275931,39885895,False,,96,2097072,worst50,35609964,832.8002486476046,2726875,0.068366900128479,indie,False
92,2020-07-09T00:00:00.000Z,104,Diana (feat. King Combs),29994575,"['Pop Smoke', 'King Combs']","[1401297, 711757]",1959283,1,,Pop Smoke,King Combs,1401297,711757.0,4275931,39885895,True,,104,1959283,worst50,35609964,832.8002486476046,2726875,0.068366900128479,indie,False
93,2020-07-09T00:00:00.000Z,145,Chicken Fried,15082874,['Zac Brown Band'],[2710],1724924,1,,Zac Brown Band,,2710,,5258538,6027281,False,,145,1724924,worst50,768743,14.618949221247425,2403740,0.3988100106830924,indie,True
94,2020-07-09T00:00:00.000Z,158,Body Like A Back Road,15939910,['Sam Hunt'],[4954],1653223,11,1.85714285714286,Sam Hunt,,4954,,6174734,6243358,False,2.28571428571429,117,1900096,worst50,68624,1.1113677123581356,1986473,0.31817380967101355,indie,True
95,2020-07-16T00:00:00.000Z,161,The Schuyler Sisters,15090473,['Renée Elise Goldsberry'],[298819],1677741,2,2.14285714285714,Renée Elise Goldsberry,,298819,,1258809,2258804,False,2.14285714285714,161,1677741,worst50,999995,79.43977203849035,22263,0.009856100839205172,indie,False
96,2020-07-16T00:00:00.000Z,165,My Shot,15090471,"['Lin-Manuel Miranda', 'Anthony Ramos', 'Daveed Diggs', 'Okieriete Onaodowan', 'Leslie Odom Jr.']","[548287, 460616, 5031, 460617, 206077]",1650797,2,0.14285714285714302,Lin-Manuel Miranda,Anthony Ramos,548287,460616.0,3193678,5250355,True,0.14285714285714302,165,1650797,worst50,2056677,64.39838330601896,391070,0.07448448723943428,indie,False
97,2020-07-16T00:00:00.000Z,170,Wait for It,15090481,"['Leslie Odom Jr.', 'Original Broadway Cast of Hamilton']","[206077, 292268]",1630529,2,4.0,Leslie Odom Jr.,Original Broadway Cast of Hamilton,206077,292268.0,2748222,3972697,True,4.0,170,1630529,worst50,1224475,44.55517057937822,177370,0.04464725097333122,indie,False
98,2020-07-16T00:00:00.000Z,171,44 BullDog,29993051,['Pop Smoke'],[1401297],1629763,2,-20.0,Pop Smoke,,1401297,,4275931,39885895,False,-20.0,31,3564802,best50,35609964,832.8002486476046,2726875,0.068366900128479,indie,False
99,2020-07-16T00:00:00.000Z,176,My Affection (with PARTYNEXTDOOR),30056507,"['Summer Walker', 'PARTYNEXTDOOR']","[924777, 4587]",1607319,1,,Summer Walker,PARTYNEXTDOOR,924777,4587.0,7776857,10052946,True,,176,1607319,worst50,2276089,29.267466278472142,1794164,0.1784714649815089,indie,False
100,2020-07-16T00:00:00.000Z,188,Do It,29430075,['Chloe x Halle'],[16910],1564826,5,-3.85714285714286,Chloe x Halle,,16910,,532938,3737168,False,-1.0,96,2047575,worst50,3204230,601.2387932555007,748679,0.2003332469934453,indie,False
101,2020-07-23T00:00:00.000Z,107,Play Date,15090401,['Melanie Martinez'],[4397],1898277,13,-1.28571428571429,Melanie Martinez,,4397,,4786514,10582269,False,2.85714285714286,36,3507417,best50,5795755,121.08509449674648,8562510,0.8091374354592573,indie,True
102,2020-07-23T00:00:00.000Z,112,Dame Tu Calor,30218718,['Eslabon Armado'],[3448148],1862262,1,,Eslabon Armado,,3448148,,22327,2836542,False,,112,1862262,worst50,2814215,12604.537107537959,341231,0.12029823637372547,indie,False
103,2020-07-23T00:00:00.000Z,144,Satisfied,15090479,"['Renée Elise Goldsberry', 'Original Broadway Cast of Hamilton']","[298819, 292268]",1716544,3,-5.857142857142861,Renée Elise Goldsberry,Original Broadway Cast of Hamilton,298819,292268.0,1258809,2258804,True,3.14285714285714,103,2023424,worst50,999995,79.43977203849035,22263,0.009856100839205172,indie,False
104,2020-07-23T00:00:00.000Z,149,You'll Be Back,15090475,['Jonathan Groff'],[3889],1672286,3,-5.857142857142861,Jonathan Groff,,3889,,4719910,3554735,False,-0.28571428571428603,106,1999888,worst50,-1165175,-24.686381731855054,78774,0.022160301682122574,indie,False
105,2020-07-23T00:00:00.000Z,158,Gangstas,29993085,['Pop Smoke'],[1401297],1624505,3,-5.71428571428571,Pop Smoke,,1401297,,4275931,39885895,False,-5.71428571428571,27,3720043,best50,35609964,832.8002486476046,2726875,0.068366900128479,indie,False
106,2020-07-23T00:00:00.000Z,159,B.S. (feat. H.E.R.),28674750,"['Jhené Aiko', 'H.E.R.']","[99401, 207304]",1623842,12,,Jhené Aiko,H.E.R.,99401,207304.0,6692896,9915900,True,1.57142857142857,38,4732551,best50,3223004,48.155596620655686,3898004,0.3931064250345405,indie,True
107,2020-07-23T00:00:00.000Z,173,Alexander Hamilton,15090469,"['Leslie Odom Jr.', 'Anthony Ramos', 'Daveed Diggs', 'Okieriete Onaodowan', 'Lin-Manuel Miranda', 'Phillipa Soo', 'Original Broadway Cast of Hamilton']","[206077, 460616, 5031, 460617, 548287, 155645, 292268]",1564900,3,-4.57142857142857,Leslie Odom Jr.,Anthony Ramos,206077,460616.0,2748222,3972697,True,-2.14285714285714,126,1843578,worst50,1224475,44.55517057937822,177370,0.04464725097333122,indie,False
108,2020-07-23T00:00:00.000Z,179,Need Me,25110311,['J.I the Prince of N.Y'],[717979],1553050,3,2.0,J.I the Prince of N.Y,,717979,,550369,3038819,False,2.0,179,1553050,worst50,2488450,452.14210829461695,337347,0.11101253480381687,indie,False
109,2020-07-23T00:00:00.000Z,184,Be Something (feat. Lil Baby),29427926,"['Polo G', 'Lil Baby']","[1120779, 731530]",1520150,9,,Polo G,Lil Baby,1120779,731530.0,6972084,14502757,True,0.5714285714285711,51,3089825,worst50,7530673,108.0117938911809,2513278,0.17329656699067633,indie,False
110,2020-07-23T00:00:00.000Z,189,Make It Rain (feat. Rowdy Rebel),29763216,"['Pop Smoke', 'Rowdy Rebel']","[1401297, 217007]",1511237,3,-11.857142857142902,Pop Smoke,Rowdy Rebel,1401297,217007.0,4275931,39885895,True,-11.5714285714286,25,3771274,best50,35609964,832.8002486476046,2726875,0.068366900128479,indie,False
111,2020-07-23T00:00:00.000Z,191,Enjoy Yourself (feat. Karol G),29991948,"['Pop Smoke', 'KAROL G']","[1401297, 206809]",1509730,2,,Pop Smoke,KAROL G,1401297,206809.0,4275931,39885895,True,,64,2740315,worst50,35609964,832.8002486476046,2726875,0.068366900128479,indie,False
112,2020-07-23T00:00:00.000Z,192,SUGAR,24955524,['BROCKHAMPTON'],[80749],1508496,33,0.42857142857142894,BROCKHAMPTON,,80749,,6245954,8268495,False,5.571428571428571,21,5084244,best50,2022541,32.381618564593985,1630040,0.19713865703492595,indie,False
113,2020-07-23T00:00:00.000Z,195,Helpless,15090478,"['Phillipa Soo', 'Original Broadway Cast of Hamilton']","[155645, 292268]",1501091,3,-6.571428571428571,Phillipa Soo,Original Broadway Cast of Hamilton,155645,292268.0,1669816,2959022,True,2.14285714285714,149,1755512,worst50,1289206,77.206470653054,39443,0.013329742056666021,indie,False
114,2020-07-23T00:00:00.000Z,197,Tommy Lee (feat. Post Malone),29758315,"['Tyla Yaweh', 'Post Malone']","[705670, 135326]",1495636,6,-1.0,Tyla Yaweh,Post Malone,705670,135326.0,3519438,6497408,True,0.28571428571428603,15,4600464,best50,2977970,84.61492999734617,239571,0.036871780254526115,indie,False
115,2020-07-23T00:00:00.000Z,200,Bluebird,24876450,['Miranda Lambert'],[2004],1489088,1,,Miranda Lambert,,2004,,4073618,4334426,False,,200,1489088,worst50,260808,6.402367625044862,2520718,0.5815575118827729,indie,True
116,2020-07-30T00:00:00.000Z,84,Burn The Hoods,30373166,['Ski Mask The Slump God'],[238275],2596366,1,,Ski Mask The Slump God,,238275,,7992604,7195460,False,,84,2596366,worst50,-797144,-9.973520519720482,3712707,0.5159791034902563,indie,True
117,2020-07-30T00:00:00.000Z,129,Only You Freestyle,30310420,"['Headie One', 'Drake']","[715574, 3380]",1983369,1,,Headie One,Drake,715574,3380.0,1211428,6010366,True,,129,1983369,worst50,4798938,396.13893685798905,226954,0.037760429231763926,indie,False
118,2020-07-30T00:00:00.000Z,141,MAYBE,30360698,['The Kid LAROI'],[1333786],1839482,1,,The Kid LAROI,,1333786,,403958,17121042,False,,141,1839482,worst50,16717084,4138.322300833255,791775,0.046245724997345375,indie,False
119,2020-07-30T00:00:00.000Z,153,The Adventures of Moon Man & Slim Shady (feat. Eminem),30067173,"['Kid Cudi', 'Eminem']","[3213, 236]",1753020,3,-9.285714285714286,Kid Cudi,Eminem,3213,236.0,7852913,16438484,True,-9.0,25,5597698,best50,8585571,109.32976081614555,4183290,0.2544814959822329,indie,True
120,2020-07-30T00:00:00.000Z,182,Deep End Freestyle,28920856,"['Sleepy Hallow', 'Fousheé']","[737131, 810286]",1627127,8,-6.0,Sleepy Hallow,Fousheé,737131,810286.0,218158,4186869,True,4.42857142857143,22,3762026,best50,3968711,1819.1911366990894,181680,0.0433928073698986,indie,False
121,2020-07-30T00:00:00.000Z,191,Aim For The Moon (feat. Quavo),29991945,"['Pop Smoke', 'Quavo']","[1401297, 38780]",1564356,4,-13.0,Pop Smoke,Quavo,1401297,38780.0,4275931,39885895,True,2.28571428571429,24,3817303,best50,35609964,832.8002486476046,2726875,0.068366900128479,indie,False
122,2020-07-30T00:00:00.000Z,199,NOT FAIR (feat. Corbin),30360670,"['The Kid LAROI', 'Corbin']","[1333786, 664612]",1547622,1,,The Kid LAROI,Corbin,1333786,664612.0,403958,17121042,True,,199,1547622,worst50,16717084,4138.322300833255,791775,0.046245724997345375,indie,False
123,2020-08-06T00:00:00.000Z,176,Party Girl (Remix),30060329,"['StaySolidRocky', 'Lil Uzi Vert']","[3647326, 5732]",1593960,4,-5.571428571428571,StaySolidRocky,Lil Uzi Vert,3647326,5732.0,6995,8203994,True,-5.571428571428571,12,8215353,best50,8196999,117183.68834882056,124267,0.0151471344323265,indie,False
124,2020-08-06T00:00:00.000Z,194,Go Stupid,28470955,"['Polo G', 'Stunna 4 Vegas', 'NLE Choppa', 'Mike WiLL Made-It']","[1120779, 1366399, 1388456, 4651]",1502761,11,,Polo G,Stunna 4 Vegas,1120779,1366399.0,6972084,14502757,True,1.85714285714286,28,4898423,best50,7530673,108.0117938911809,2513278,0.17329656699067633,indie,False
125,2020-08-06T00:00:00.000Z,196,Wait a Minute!,13904490,['WILLOW'],[213393],1481986,11,0.5714285714285711,WILLOW,,213393,,3075739,6434055,False,2.71428571428571,153,1699675,worst50,3358316,109.18728799810387,925929,0.14391064422047994,indie,False
126,2020-08-13T00:00:00.000Z,100,Woodlawn,30774782,['Aminé'],[206573],2175285,1,,Aminé,,206573,,7963610,9386864,False,,100,2175285,worst50,1423254,17.87197012410201,1450343,0.15450772483760286,indie,False
127,2020-08-13T00:00:00.000Z,102,Tangerine,29269981,['Glass Animals'],[3656],2146609,1,,Glass Animals,,3656,,3551713,6963468,False,,102,2146609,worst50,3411755,96.05942259411164,1374931,0.1974491733142164,indie,False
128,2020-08-13T00:00:00.000Z,183,Compensating (feat. Young Thug),30031823,"['Aminé', 'Young Thug']","[206573, 4517]",1598068,1,,Aminé,Young Thug,206573,4517.0,7963610,9386864,True,,183,1598068,worst50,1423254,17.87197012410201,1450343,0.15450772483760286,indie,False
129,2020-08-13T00:00:00.000Z,199,Heart On Ice,23732084,['Rod Wave'],[1009958],1534832,30,-2.0,Rod Wave,,1009958,,3031625,7930903,False,7.28571428571429,47,2883776,best50,4899278,161.60567352492475,1381582,0.17420235753734473,indie,False
130,2020-08-20T00:00:00.000Z,150,On Me (feat. Ava Max) - From 'SCOOB!' The Album,29433618,"['Thomas Rhett', 'Kane Brown', 'Ava Max']","[4222, 5408, 717113]",1677274,10,5.428571428571429,Thomas Rhett,Kane Brown,4222,5408.0,7346241,10873168,True,5.428571428571429,114,1850227,worst50,3526927,48.00995502325611,3617276,0.3326791235084384,indie,True
131,2020-08-20T00:00:00.000Z,169,24,28650243,['Money Man'],[214550],1598993,3,-8.0,Money Man,,214550,,773820,5647860,False,6.142857142857139,113,2087247,worst50,4874040,629.86741102582,272642,0.04827350536309328,indie,False
132,2020-08-20T00:00:00.000Z,193,Savage,28677612,['Megan Thee Stallion'],[788785],1492869,22,-2.28571428571429,Megan Thee Stallion,,788785,,7364874,33408712,False,16.2857142857143,9,6024206,best50,26043838,353.6223158739715,2628012,0.07866247582367138,indie,False
133,2020-08-20T00:00:00.000Z,195,Turks (with Gunna & ft. Travis Scott),28856233,"['NAV', 'Gunna', 'Travis Scott']","[476687, 749368, 4215]",1487827,15,0.7142857142857142,NAV,Gunna,476687,749368.0,7833614,10431009,True,1.57142857142857,26,4146527,best50,2597395,33.15704603264854,2267113,0.2173435954278249,indie,True
134,2020-08-27T00:00:00.000Z,15,Lemonade,30985139,"['Internet Money', 'Gunna', 'Don Toliver', 'NAV']","[1146681, 620149, 838183, 476687]",5231942,2,1.0,Internet Money,Gunna,1146681,620149.0,3332735,29842456,True,1.0,15,5231942,best50,26509721,795.4344104766806,169846,0.0056914216443847655,indie,False
135,2020-08-27T00:00:00.000Z,150,Mariposa,25011716,['Peach Tree Rascals'],[1084422],1653832,9,-1.7142857142857095,Peach Tree Rascals,,1084422,,337889,5620803,False,10.0,104,1970180,worst50,5282914,1563.505766686693,132820,0.02363007563154233,indie,False
136,2020-08-27T00:00:00.000Z,194,Supalonely,27219667,"['BENEE', 'Gus Dapperton']","[1610439, 471312]",1444794,26,-11.285714285714299,BENEE,Gus Dapperton,1610439,471312.0,3114454,11170168,True,18.1428571428571,23,4754538,best50,8055714,258.65573869448707,519842,0.04653842269874545,indie,False
137,2020-09-03T00:00:00.000Z,177,Captain Hook,28677613,['Megan Thee Stallion'],[788785],1528621,14,-1.28571428571429,Megan Thee Stallion,,788785,,7364874,33408712,False,4.42857142857143,83,2776383,worst50,26043838,353.6223158739715,2628012,0.07866247582367138,indie,False
138,2020-09-03T00:00:00.000Z,179,THE BADDEST,31153006,"['K/DA', '(G)I-DLE', 'Wolftyla', 'Bea Miller', 'League of Legends']","[1350149, 1019577, 467941, 4866, 208048]",1523296,1,,K/DA,(G)I-DLE,1350149,1019577.0,1227373,4482004,True,,179,1523296,worst50,3254631,265.17049014439783,774866,0.1728838260742293,indie,False
139,2020-09-03T00:00:00.000Z,189,"Lost Me (feat. Lil Mosey, iann dior & Lil Skies)",30360391,"['Internet Money', 'Lil Mosey', 'iann dior', 'Lil Skies']","[1146681, 855069, 1416285, 706689]",1497680,1,,Internet Money,Lil Mosey,1146681,855069.0,3332735,29842456,True,,189,1497680,worst50,26509721,795.4344104766806,169846,0.0056914216443847655,indie,False
140,2020-09-10T00:00:00.000Z,130,Gifted (feat. Roddy Ricch),31150351,"['Cordae', 'Roddy Ricch']","[1031957, 839964]",1788526,2,-10.2857142857143,Cordae,Roddy Ricch,1031957,839964.0,5385113,5535023,True,-10.2857142857143,58,2675090,worst50,149910,2.78378559558546,1264820,0.228512148910673,indie,True
141,2020-09-10T00:00:00.000Z,191,Backyard Boy,29783965,['Claire Rosinkranz'],[3349737],1473598,3,-2.28571428571429,Claire Rosinkranz,,3349737,,787,4522800,False,1.28571428571429,175,1540062,worst50,4522013,574588.6912325287,79465,0.017569868223224552,indie,False
142,2020-09-10T00:00:00.000Z,195,The Voice,31230740,['Lil Durk'],[4449],1461689,1,,Lil Durk,,4449,,3733010,20698288,False,,195,1461689,worst50,16965278,454.4664493264149,1955961,0.0944986851086428,indie,False
143,2020-09-10T00:00:00.000Z,196,Something Special,29993280,['Pop Smoke'],[1401297],1458576,10,-2.14285714285714,Pop Smoke,,1401297,,4275931,39885895,False,1.14285714285714,35,3379826,best50,35609964,832.8002486476046,2726875,0.068366900128479,indie,False
144,2020-09-10T00:00:00.000Z,200,Hatchback,29912194,['Cochise'],[1093056],1452243,1,,Cochise,,1093056,,38172,1794850,False,,200,1452243,worst50,1756678,4602.00670648643,55446,0.030891717970861075,indie,False
145,2020-10-01T00:00:00.000Z,69,Prospect (ft. Lil Baby),29504947,"['iann dior', 'Lil Baby']","[1416285, 731530]",2368948,16,0.0,iann dior,Lil Baby,1416285,731530.0,4480855,39141809,True,3.85714285714286,42,3046575,best50,34660954,773.5343812732167,850496,0.02172858183432452,indie,False
146,2020-10-01T00:00:00.000Z,104,feel something,24134416,['Bea Miller'],[4866],1959642,6,0.0,Bea Miller,,4866,,6516783,10127905,False,9.0,104,1979150,worst50,3611122,55.41264762076625,2059534,0.20335242086097768,indie,False
147,2020-10-01T00:00:00.000Z,122,Die From A Broken Heart,21815871,['Maddie & Tae'],[199486],1781458,12,0.0,Maddie & Tae,,199486,,2338164,3042927,False,11.0,101,2042886,worst50,704763,30.141726585474764,643280,0.2114017194628724,indie,False
148,2020-10-01T00:00:00.000Z,145,"Tap In (feat. Post Malone, DaBaby & Jack Harlow)",31175510,"['Saweetie', 'Post Malone', 'DaBaby', 'Jack Harlow']","[808784, 135326, 398544, 152627]",1660678,5,0.0,Saweetie,Post Malone,808784,135326.0,6362805,11227135,True,9.714285714285714,64,2516025,worst50,4864330,76.44945900432279,816580,0.0727327140895696,indie,False
149,2020-10-01T00:00:00.000Z,166,3 Musketeers,30998241,"['NextYoungin', 'ppcocaine']","[3764665, 3748775]",1533314,8,0.0,NextYoungin,ppcocaine,3764665,3748775.0,13,2117681,True,7.28571428571429,109,2000267,worst50,2117668,16289753.846153844,14792,0.006984999157096843,indie,False
150,2020-10-01T00:00:00.000Z,168,Whole Lotta Choppas,30985084,['Sada Baby'],[343503],1528440,4,0.0,Sada Baby,,343503,,335172,3053799,False,0.0,163,1589808,worst50,2718627,811.1139952024632,246226,0.08062940619209058,indie,False
151,2020-10-01T00:00:00.000Z,169,One Margarita,28734601,['Luke Bryan'],[3118],1525521,7,0.0,Luke Bryan,,3118,,6699493,7172284,False,6.571428571428571,119,2014784,worst50,472791,7.057116113114827,5880890,0.8199466167262758,indie,True
152,2020-10-01T00:00:00.000Z,186,"...And To Those I Love, Thanks For Sticking Around",28480796,['$uicideBoy$'],[100586],1439084,20,0.0,$uicideBoy$,,100586,,4114149,6437769,False,8.85714285714286,82,2206115,worst50,2323620,56.47875174185475,2743275,0.4261219997176041,indie,True
153,2020-10-01T00:00:00.000Z,197,"One Beer (HARDY feat. Lauren Alaina, Devin Dawson)",25184018,"['HIXTAPE', 'HARDY', 'Lauren Alaina', 'Devin Dawson']","[1712314, 1342562, 3836, 192191]",1402247,6,0.0,HIXTAPE,HARDY,1712314,1342562.0,1671297,2096549,True,0.0,167,1576730,worst50,425252,25.444430283785586,12017,0.005731800210727248,indie,False
154,2020-10-08T00:00:00.000Z,52,Lemonade (Feat. Roddy Ricch & Don Toliver) [Remix],31509557,"['Internet Money', 'Don Toliver', 'Roddy Ricch']","[1146681, 838183, 839964]",2896042,1,,Internet Money,Don Toliver,1146681,838183.0,3332735,29842456,True,,52,2896042,worst50,26509721,795.4344104766806,169846,0.0056914216443847655,indie,False
155,2020-10-08T00:00:00.000Z,77,Savage Love (Laxed – Siren Beat) [BTS Remix],31528381,"['Jawsh 685', 'Jason Derulo', 'BTS']","[3654834, 3502, 206557]",2431081,1,,Jawsh 685,Jason Derulo,3654834,3502.0,171608,19624385,True,,77,2431081,worst50,19452777,11335.588667195005,58011,0.002956067158282922,indie,False
156,2020-10-15T00:00:00.000Z,192,Rags2Riches (feat. ATR Son Son),28915328,"['Rod Wave', 'ATR Son Son']","[1009958, 3615196]",1422732,16,1.0,Rod Wave,ATR Son Son,1009958,3615196.0,3031625,7930903,True,18.0,15,5583364,best50,4899278,161.60567352492475,1381582,0.17420235753734473,indie,False
157,2020-10-15T00:00:00.000Z,196,ily (i love you baby) (feat. Emilee),27755710,"['Surf Mesa', 'Emilee']","[1793858, 1419747]",1401768,27,,Surf Mesa,Emilee,1793858,1419747.0,82776,11613864,True,8.28571428571429,49,3137435,best50,11531088,13930.472600753841,103914,0.008947409750966603,indie,False
158,2020-10-22T00:00:00.000Z,87,Whole Lotta Choppas (Remix) [feat. Nicki Minaj],31666482,"['Sada Baby', 'Nicki Minaj']","[343503, 3442]",1972959,1,,Sada Baby,Nicki Minaj,343503,3442.0,335172,3053799,True,,87,1972959,worst50,2718627,811.1139952024632,246226,0.08062940619209058,indie,False
159,2020-10-22T00:00:00.000Z,123,You’re Mines Still (feat. Drake),31666585,"['Yung Bleu', 'Drake']","[253877, 3380]",1691788,1,,Yung Bleu,Drake,253877,3380.0,800521,2756545,True,,123,1691788,worst50,1956024,244.3438710539761,605077,0.2195055767273888,indie,True
160,2020-10-22T00:00:00.000Z,155,Tap In,29830029,['Saweetie'],[808784],1556006,15,-1.7142857142857095,Saweetie,,808784,,6362805,11227135,False,8.85714285714286,26,3503180,best50,4864330,76.44945900432279,816580,0.0727327140895696,indie,False
161,2020-10-22T00:00:00.000Z,170,Stunnin' (feat. Harm Franklin),29465238,"['Curtis Waters', 'Harm Franklin']","[740524, 740525]",1497743,2,-2.71428571428571,Curtis Waters,Harm Franklin,740524,740525.0,10489,5292198,True,5.571428571428571,66,2749390,worst50,5281709,50354.74306416245,53738,0.010154193021500708,indie,False
162,2020-10-22T00:00:00.000Z,172,Lets Link,31160060,['WhoHeem'],[3906444],1496411,6,-5.0,WhoHeem,,3906444,,3421,4176404,False,3.5714285714285694,47,2938429,best50,4172983,121981.37971353404,18942,0.004535480762876389,indie,False
163,2020-10-22T00:00:00.000Z,173,Said Sum,29962522,['Moneybagg Yo'],[601328],1490260,3,-2.42857142857143,Moneybagg Yo,,601328,,4582656,6836398,False,4.42857142857143,156,1620427,worst50,2253742,49.17982061058043,1703878,0.24923622059452946,indie,True
164,2020-10-22T00:00:00.000Z,197,Some Girls,18230617,['Jameson Rodgers'],[214518],1393443,1,,Jameson Rodgers,,214518,,563638,1395966,False,,197,1393443,worst50,832328,147.6706680528992,30063,0.021535624793153987,indie,False
165,2020-10-29T00:00:00.000Z,84,Back to the Streets (feat. Jhené Aiko),31751724,"['Saweetie', 'Jhené Aiko']","[808784, 99401]",2010725,1,,Saweetie,Jhené Aiko,808784,99401.0,6362805,11227135,True,,84,2010725,worst50,4864330,76.44945900432279,816580,0.0727327140895696,indie,False
166,2020-10-29T00:00:00.000Z,101,The Other Guy,31757388,['Luke Combs'],[207759],1887472,1,,Luke Combs,,207759,,7904711,11328621,False,,101,1887472,worst50,3423910,43.31480303327977,3859200,0.3406592911882214,indie,True
167,2020-10-29T00:00:00.000Z,113,Lovin' On You,23919577,['Luke Combs'],[207759],1784721,1,,Luke Combs,,207759,,7904711,11328621,False,,113,1784721,worst50,3423910,43.31480303327977,3859200,0.3406592911882214,indie,True
168,2020-10-29T00:00:00.000Z,117,Cold As You,31744898,['Luke Combs'],[207759],1734844,1,,Luke Combs,,207759,,7904711,11328621,False,,117,1734844,worst50,3423910,43.31480303327977,3859200,0.3406592911882214,indie,True
169,2020-10-29T00:00:00.000Z,148,Even Though I'm Leaving,23904367,['Luke Combs'],[207759],1548693,1,,Luke Combs,,207759,,7904711,11328621,False,,148,1657456,worst50,3423910,43.31480303327977,3859200,0.3406592911882214,indie,True
170,2020-10-29T00:00:00.000Z,155,You Got It,28672165,['Vedo'],[195150],1526256,7,-5.14285714285714,Vedo,,195150,,966435,6662716,False,0.28571428571428603,92,2093401,worst50,5696281,589.4117038393683,186038,0.02792224672340829,indie,False
171,2020-10-29T00:00:00.000Z,163,My Kinda Folk,31757123,['Luke Combs'],[207759],1488441,1,,Luke Combs,,207759,,7904711,11328621,False,,163,1488441,worst50,3423910,43.31480303327977,3859200,0.3406592911882214,indie,True
172,2020-10-29T00:00:00.000Z,176,When It Rains It Pours,13967820,['Luke Combs'],[207759],1432959,59,,Luke Combs,,207759,,7904711,11328621,False,6.0,150,1656346,worst50,3423910,43.31480303327977,3859200,0.3406592911882214,indie,True
173,2020-10-29T00:00:00.000Z,177,we fell in love in october,21997889,['girl in red'],[904839],1431554,3,0.5714285714285711,girl in red,,904839,,3232202,7346232,False,0.5714285714285711,177,1451349,worst50,4114030,127.28257701715424,2186603,0.2976495977801953,indie,True
174,2020-10-29T00:00:00.000Z,181,Epidemic,31451987,['Polo G'],[1120779],1417300,4,-1.7142857142857095,Polo G,,1120779,,6972084,14502757,False,-1.7142857142857095,123,1931897,worst50,7530673,108.0117938911809,2513278,0.17329656699067633,indie,False
175,2020-10-29T00:00:00.000Z,187,Savage (feat. Beyoncé) - Remix,29249430,"['Megan Thee Stallion', 'Beyoncé']","[788785, 2838]",1382699,27,-3.28571428571429,Megan Thee Stallion,Beyoncé,788785,2838.0,7364874,33408712,True,7.28571428571429,5,8965215,best50,26043838,353.6223158739715,2628012,0.07866247582367138,indie,False
176,2020-10-29T00:00:00.000Z,196,Pussy Talk,29866269,"['City Girls', 'Doja Cat']","[618540, 217671]",1357882,11,-0.14285714285714302,City Girls,Doja Cat,618540,217671.0,4604064,8024740,True,5.71428571428571,134,1771328,worst50,3420676,74.29688205898094,1033622,0.12880442232396316,indie,False
177,2020-10-29T00:00:00.000Z,198,Pop Out (feat. Lil Tjay),22360351,"['Polo G', 'Lil Tjay']","[1120779, 1349373]",1353523,72,0.0,Polo G,Lil Tjay,1120779,1349373.0,6972084,14502757,True,2.14285714285714,75,2586854,worst50,7530673,108.0117938911809,2513278,0.17329656699067633,indie,False
178,2020-11-05T00:00:00.000Z,61,Monster Mash,12548053,"['Bobby ""Boris"" Pickett', 'The Crypt-Kickers']","[312049, 333356]",2471595,4,,"Bobby ""Boris"" Pickett",The Crypt-Kickers,312049,333356.0,164941,327551,True,,61,2471595,worst50,162610,98.58676738955141,13629,0.0416087876391768,indie,False
179,2020-11-05T00:00:00.000Z,79,Ghostbusters,15051603,['Ray Parker Jr.'],[30291],2119681,1,,Ray Parker Jr.,,30291,,1077887,1368152,False,,79,2119681,worst50,290265,26.929075125685717,44448,0.0324876183348049,indie,False
180,2020-11-05T00:00:00.000Z,125,Look Over Your Shoulder (feat. Kendrick Lamar),31814560,"['Busta Rhymes', 'Kendrick Lamar']","[165, 3768]",1798987,1,,Busta Rhymes,Kendrick Lamar,165,3768.0,6046065,9536706,True,,125,1798987,worst50,3490641,57.73409647431842,1643526,0.1723368634830517,indie,False
181,2020-11-05T00:00:00.000Z,147,Stay Down (with 6LACK & Young Thug),31816863,"['Lil Durk', '6LACK', 'Young Thug']","[4449, 198575, 4517]",1638494,1,,Lil Durk,6LACK,4449,198575.0,3733010,20698288,True,,147,1638494,worst50,16965278,454.4664493264149,1955961,0.0944986851086428,indie,False
182,2020-11-05T00:00:00.000Z,148,"This Is Halloween - From ""The Nightmare Before Christmas""",16036202,['The Citizens of Halloween'],[74972],1637478,1,,The Citizens of Halloween,,74972,,295075,470986,False,,148,1637478,worst50,175911,59.615690926035754,9254,0.01964814240762995,indie,False
183,2020-11-05T00:00:00.000Z,161,MORE,31810028,"['K/DA', 'Madison Beer', '(G)I-DLE', 'Lexie Liu', 'Jaira Burns', 'Seraphine', 'League of Legends']","[1350149, 4655, 1019577, 856718, 654026, 3961984, 208048]",1570538,1,,K/DA,Madison Beer,1350149,4655.0,1227373,4482004,True,,161,1570538,worst50,3254631,265.17049014439783,774866,0.1728838260742293,indie,False
184,2020-11-05T00:00:00.000Z,172,Beer Never Broke My Heart,22953640,['Luke Combs'],[207759],1517736,6,-14.142857142857098,Luke Combs,,207759,,7904711,11328621,False,0.5714285714285711,73,2124012,worst50,3423910,43.31480303327977,3859200,0.3406592911882214,indie,True
185,2020-11-05T00:00:00.000Z,180,Without You,31386954,"['Luke Combs', 'Amanda Shires']","[207759, 209684]",1487406,2,-17.7142857142857,Luke Combs,Amanda Shires,207759,209684.0,7904711,11328621,True,-17.7142857142857,56,2423465,worst50,3423910,43.31480303327977,3859200,0.3406592911882214,indie,True
186,2020-11-05T00:00:00.000Z,181,Mad at Disney,29906763,['salem ilese'],[728818],1485554,9,-6.428571428571429,salem ilese,,728818,,23615,8903039,False,3.28571428571429,57,2558037,worst50,8879424,37600.779165784465,77545,0.008709947243856845,indie,False
187,2020-11-05T00:00:00.000Z,189,(Don't Fear) The Reaper,15809539,['Blue Öyster Cult'],[340],1444504,1,,Blue Öyster Cult,,340,,3745000,4120491,False,,189,1444504,worst50,375491,10.026461949265688,972833,0.2360963778345833,indie,True
188,2020-11-05T00:00:00.000Z,191,Blood // Water,17459643,['grandson'],[215304],1437973,1,,grandson,,215304,,3307873,6211544,False,,191,1437973,worst50,2903671,87.78060705474483,676903,0.1089749988086698,indie,False
189,2020-11-05T00:00:00.000Z,198,3 Headed Goat (feat. Lil Baby & Polo G),29332645,"['Lil Durk', 'Lil Baby', 'Polo G']","[4449, 731530, 1120779]",1404618,20,-3.28571428571429,Lil Durk,Lil Baby,4449,731530.0,3733010,20698288,True,8.71428571428571,59,2635814,worst50,16965278,454.4664493264149,1955961,0.0944986851086428,indie,False
190,2020-11-12T00:00:00.000Z,51,Young Wheezy (with Gunna),31894608,"['NAV', 'Gunna']","[476687, 749368]",2695790,1,,NAV,Gunna,476687,749368.0,7833614,10431009,True,,51,2695790,worst50,2597395,33.15704603264854,2267113,0.2173435954278249,indie,True
191,2020-11-12T00:00:00.000Z,56,The Code (feat. Polo G),31826657,"['King Von', 'Polo G']","[1136101, 1120779]",2571075,1,,King Von,Polo G,1136101,1120779.0,782603,5487103,True,,56,2571075,worst50,4704500,601.134930481994,554270,0.10101323047881552,indie,False
192,2020-11-12T00:00:00.000Z,62,What That Speed Bout!?,31890759,"['Mike WiLL Made-It', 'Nicki Minaj', 'YoungBoy Never Broke Again']","[4651, 3442, 215373]",2465191,1,,Mike WiLL Made-It,Nicki Minaj,4651,3442.0,4929637,7557234,True,,62,2465191,worst50,2627597,53.30203826366932,1144861,0.15149206707110036,indie,False
193,2020-11-12T00:00:00.000Z,104,Don't Need Friends (feat. Lil Baby),31894633,"['NAV', 'Lil Baby']","[476687, 731530]",1956172,1,,NAV,Lil Baby,476687,731530.0,7833614,10431009,True,,104,1956172,worst50,2597395,33.15704603264854,2267113,0.2173435954278249,indie,True
194,2020-11-12T00:00:00.000Z,125,FEEL SOMETHING (feat. Marshmello),31888366,"['The Kid LAROI', 'Marshmello']","[1333786, 3907]",1837415,1,,The Kid LAROI,Marshmello,1333786,3907.0,403958,17121042,True,,125,1837415,worst50,16717084,4138.322300833255,791775,0.046245724997345375,indie,False
195,2020-11-12T00:00:00.000Z,130,Rags2Riches 2 (feat. Lil Baby),30794184,"['Rod Wave', 'Lil Baby']","[1009958, 731530]",1816663,14,-3.85714285714286,Rod Wave,Lil Baby,1009958,731530.0,3031625,7930903,True,4.28571428571429,26,3954928,best50,4899278,161.60567352492475,1381582,0.17420235753734473,indie,False
196,2020-11-12T00:00:00.000Z,139,WRONG (feat. Lil Mosey),30360533,"['The Kid LAROI', 'Lil Mosey']","[1333786, 855069]",1757439,2,,The Kid LAROI,Lil Mosey,1333786,855069.0,403958,17121042,True,,101,2366769,worst50,16717084,4138.322300833255,791775,0.046245724997345375,indie,False
197,2020-11-12T00:00:00.000Z,149,PIKACHU,31894697,['The Kid LAROI'],[1333786],1701008,1,,The Kid LAROI,,1333786,,403958,17121042,False,,149,1701008,worst50,16717084,4138.322300833255,791775,0.046245724997345375,indie,False
198,2020-11-12T00:00:00.000Z,170,TELL ME WHY,30207868,['The Kid LAROI'],[1333786],1543606,5,,The Kid LAROI,,1333786,,403958,17121042,False,-2.57142857142857,88,2550604,worst50,16717084,4138.322300833255,791775,0.046245724997345375,indie,False
199,2020-11-12T00:00:00.000Z,173,Flex (feat. Juice WRLD),29427908,"['Polo G', 'Juice WRLD']","[1120779, 921966]",1536526,26,-1.14285714285714,Polo G,Juice WRLD,1120779,921966.0,6972084,14502757,True,3.5714285714285694,22,4403264,best50,7530673,108.0117938911809,2513278,0.17329656699067633,indie,False
200,2020-11-12T00:00:00.000Z,174,Promiscuous,15902731,"['Nelly Furtado', 'Timbaland']","[831, 2058]",1534506,3,-4.57142857142857,Nelly Furtado,Timbaland,831,2058.0,5394948,9570356,True,5.857142857142861,142,1664013,worst50,4175408,77.39477748441689,2258165,0.2359541275162596,indie,True
201,2020-11-12T00:00:00.000Z,181,Breaking Me,27912702,"['Topic', 'A7S']","[3508, 1391388]",1524057,25,-6.428571428571429,Topic,A7S,3508,1391388.0,1283452,18511700,True,6.28571428571429,52,2769136,worst50,17228248,1342.3367605488947,110643,0.0059769227029392216,indie,False
202,2020-11-12T00:00:00.000Z,197,"Crazy Story, Pt. 3",25284125,['King Von'],[1136101],1458282,1,,King Von,,1136101,,782603,5487103,False,,197,1458282,worst50,4704500,601.134930481994,554270,0.10101323047881552,indie,False
203,2020-11-19T00:00:00.000Z,140,TRAGIC (feat. Youngboy Never Broke Again & Internet Money),31887590,"['The Kid LAROI', 'YoungBoy Never Broke Again', 'Internet Money']","[1333786, 215373, 1146681]",1683489,2,-12.857142857142902,The Kid LAROI,YoungBoy Never Broke Again,1333786,215373.0,403958,17121042,True,-12.857142857142902,50,2747678,worst50,16717084,4138.322300833255,791775,0.046245724997345375,indie,False
204,2020-11-19T00:00:00.000Z,148,You Should Probably Leave,31949775,['Chris Stapleton'],[4408],1653518,1,,Chris Stapleton,,4408,,6374738,9015922,False,,148,1653518,worst50,2641184,41.43204003050792,2772192,0.30747737169864603,indie,True
205,2020-11-19T00:00:00.000Z,152,Crazy Story (feat. King Von),22157011,"['Only The Family', 'King Von']","[1129078, 1136101]",1633902,2,-5.0,Only The Family,King Von,1129078,1136101.0,1162729,884628,True,-5.0,117,1862062,worst50,-278101,-23.917955086696907,41591,0.04701524256523646,indie,False
206,2020-11-19T00:00:00.000Z,169,Said Sum (feat. City Girls & DaBaby) - Remix,31380700,"['Moneybagg Yo', 'City Girls', 'DaBaby']","[601328, 618540, 398544]",1576423,4,-2.28571428571429,Moneybagg Yo,City Girls,601328,618540.0,4582656,6836398,True,2.57142857142857,138,1689391,worst50,2253742,49.17982061058043,1703878,0.24923622059452946,indie,True
207,2020-11-19T00:00:00.000Z,179,"Mood (Remix) feat. Justin Bieber, J Balvin & iann dior",31891517,"['24kGoldn', 'Justin Bieber', 'J Balvin', 'iann dior']","[1005525, 3479, 3883, 1416285]",1554197,2,-22.142857142857103,24kGoldn,Justin Bieber,1005525,3479.0,5790432,42134582,True,-22.142857142857103,24,3614470,best50,36344150,627.6586962768928,557965,0.013242447735686568,indie,False
208,2020-11-19T00:00:00.000Z,182,What’s Your Country Song,31939354,['Thomas Rhett'],[4222],1516203,1,,Thomas Rhett,,4222,,7346241,10873168,False,,182,1516203,worst50,3526927,48.00995502325611,3617276,0.3326791235084384,indie,True
209,2020-11-19T00:00:00.000Z,187,Got What I Got,25971262,['Jason Aldean'],[2315],1507600,9,-3.28571428571429,Jason Aldean,,2315,,6000489,6474809,False,6.71428571428571,105,1857380,worst50,474320,7.904689101171588,4226813,0.6528089091122224,indie,True
210,2020-11-19T00:00:00.000Z,190,"F*CK YOU, GOODBYE (feat. Machine Gun Kelly)",31892120,"['The Kid LAROI', 'Machine Gun Kelly']","[1333786, 3991]",1500860,2,-17.2857142857143,The Kid LAROI,Machine Gun Kelly,1333786,3991.0,403958,17121042,True,-17.2857142857143,69,2326726,worst50,16717084,4138.322300833255,791775,0.046245724997345375,indie,False
211,2020-11-19T00:00:00.000Z,194,I Hope,22327234,['Gabby Barrett'],[824091],1493291,22,-1.28571428571429,Gabby Barrett,,824091,,1658565,4416699,False,7.857142857142861,72,2273387,worst50,2758134,166.29640683361822,104861,0.023741939398632332,indie,False
212,2020-11-26T00:00:00.000Z,61,Cry Baby (feat. DaBaby),32021354,"['Megan Thee Stallion', 'DaBaby']","[788785, 398544]",2611532,3,,Megan Thee Stallion,DaBaby,788785,398544.0,7364874,33408712,True,,61,2611532,worst50,26043838,353.6223158739715,2628012,0.07866247582367138,indie,False
213,2020-11-26T00:00:00.000Z,85,Livin’ The Dream,32021709,['Morgan Wallen'],[212715],2260199,1,,Morgan Wallen,,212715,,6211895,9967994,False,,85,2260199,worst50,3756099,60.46623453873576,1011081,0.10143274564571368,indie,False
214,2020-11-26T00:00:00.000Z,90,Movie (feat. Lil Durk),32021352,"['Megan Thee Stallion', 'Lil Durk']","[788785, 4449]",2216891,1,,Megan Thee Stallion,Lil Durk,788785,4449.0,7364874,33408712,True,,90,2216891,worst50,26043838,353.6223158739715,2628012,0.07866247582367138,indie,False
215,2020-11-26T00:00:00.000Z,104,Space Legend,31862809,['Porky Slim'],[4032668],2036480,1,,Porky Slim,,4032668,,5775,429679,False,,104,2036480,worst50,423904,7340.3290043290035,26,6.0510287912604526e-05,indie,False
216,2020-11-26T00:00:00.000Z,124,Savage Remix (feat. Beyoncé),29249430,"['Megan Thee Stallion', 'Beyoncé']","[788785, 2838]",1921279,1,,Megan Thee Stallion,Beyoncé,788785,2838.0,7364874,33408712,True,,124,1921279,worst50,26043838,353.6223158739715,2628012,0.07866247582367138,indie,False
217,2020-11-26T00:00:00.000Z,126,Shots Fired,32021293,['Megan Thee Stallion'],[788785],1919244,1,,Megan Thee Stallion,,788785,,7364874,33408712,False,,126,1919244,worst50,26043838,353.6223158739715,2628012,0.07866247582367138,indie,False
218,2020-11-26T00:00:00.000Z,132,Do It On The Tip (feat. City Girls & Hot Girl Meg),32021353,"['Megan Thee Stallion', 'City Girls', 'Hot Girl Meg']","[788785, 618540, 4084908]",1867619,1,,Megan Thee Stallion,City Girls,788785,618540.0,7364874,33408712,True,,132,1867619,worst50,26043838,353.6223158739715,2628012,0.07866247582367138,indie,False
219,2020-11-26T00:00:00.000Z,134,Starting Over,31150814,['Chris Stapleton'],[4408],1858779,2,-13.0,Chris Stapleton,,4408,,6374738,9015922,False,-13.0,43,2934317,best50,2641184,41.43204003050792,2772192,0.30747737169864603,indie,True
220,2020-11-26T00:00:00.000Z,143,Cover Me Up,22781816,['Morgan Wallen'],[212715],1811444,9,,Morgan Wallen,,212715,,6211895,9967994,False,4.57142857142857,143,1811444,worst50,3756099,60.46623453873576,1011081,0.10143274564571368,indie,False
221,2020-11-26T00:00:00.000Z,152,Freaky Girls (feat. SZA),32021351,"['Megan Thee Stallion', 'SZA']","[788785, 4515]",1738708,1,,Megan Thee Stallion,SZA,788785,4515.0,7364874,33408712,True,,152,1738708,worst50,26043838,353.6223158739715,2628012,0.07866247582367138,indie,False
222,2020-11-26T00:00:00.000Z,154,Savage Love (Laxed - Siren Beat),29751924,"['Jawsh 685', 'Jason Derulo']","[3654834, 3502]",1729755,24,-9.0,Jawsh 685,Jason Derulo,3654834,3502.0,171608,19624385,True,10.0,9,5276143,best50,19452777,11335.588667195005,58011,0.002956067158282922,indie,False
223,2020-11-26T00:00:00.000Z,159,Tennessee Whiskey,15933319,['Chris Stapleton'],[4408],1694105,11,5.28571428571429,Chris Stapleton,,4408,,6374738,9015922,False,5.28571428571429,159,1694105,worst50,2641184,41.43204003050792,2772192,0.30747737169864603,indie,True
224,2020-11-26T00:00:00.000Z,172,Don’t Stop (feat. Young Thug),31530191,"['Megan Thee Stallion', 'Young Thug']","[788785, 4517]",1638838,1,,Megan Thee Stallion,Young Thug,788785,4517.0,7364874,33408712,True,-6.571428571428571,57,2776557,worst50,26043838,353.6223158739715,2628012,0.07866247582367138,indie,False
225,2020-11-26T00:00:00.000Z,173,Head & Heart (feat. MNEK),29914578,"['Joel Corry', 'MNEK']","[519774, 4313]",1626367,16,-6.28571428571429,Joel Corry,MNEK,519774,4313.0,3145899,22394638,True,7.28571428571429,64,2320001,worst50,19248739,611.8676728019557,122586,0.005473899600431139,indie,False
226,2020-11-26T00:00:00.000Z,175,Dancing in My Room,31943276,['347aidan'],[1622014],1611198,3,-4.0,347aidan,,1622014,,228,3547993,False,6.28571428571429,147,1655467,worst50,3547765,1556037.2807017544,85630,0.024134771404565904,indie,False
227,2020-11-26T00:00:00.000Z,179,Tongue Tied,15085605,['Grouplove'],[3802],1606651,33,-3.28571428571429,Grouplove,,3802,,4402420,6874493,False,2.85714285714286,119,1842977,worst50,2472073,56.15259334638676,936600,0.1362427745580656,indie,False
228,2020-11-26T00:00:00.000Z,180,Deep End,30521029,['Fousheé'],[810286],1603345,6,-7.71428571428571,Fousheé,,810286,,1102,11718675,False,4.142857142857141,126,1802048,worst50,11717573,1063300.6352087113,54541,0.004654195120182103,indie,False
229,2020-11-26T00:00:00.000Z,186,What’s New,32021425,['Megan Thee Stallion'],[788785],1552594,1,,Megan Thee Stallion,,788785,,7364874,33408712,False,,186,1552594,worst50,26043838,353.6223158739715,2628012,0.07866247582367138,indie,False
230,2020-11-26T00:00:00.000Z,189,24 (feat. Lil Baby),30993587,"['Money Man', 'Lil Baby']","[214550, 731530]",1543445,14,-5.14285714285714,Money Man,Lil Baby,214550,731530.0,773820,5647860,True,2.71428571428571,27,3375868,best50,4874040,629.86741102582,272642,0.04827350536309328,indie,False
231,2020-11-26T00:00:00.000Z,190,Onna Come Up,31544186,['Lil Eazzyy'],[3734166],1539549,1,,Lil Eazzyy,,3734166,,2415,3187598,False,4.42857142857143,112,1786797,worst50,3185183,131891.63561076607,22461,0.007046371593908642,indie,False
232,2020-11-26T00:00:00.000Z,195,Holding On,32012339,['iann dior'],[1416285],1529018,1,,iann dior,,1416285,,4480855,39141809,False,,195,1529018,worst50,34660954,773.5343812732167,850496,0.02172858183432452,indie,False
233,2020-11-26T00:00:00.000Z,198,Got It On Me,29992674,['Pop Smoke'],[1401297],1511969,21,-6.28571428571429,Pop Smoke,,1401297,,4275931,39885895,False,4.0,15,4359800,best50,35609964,832.8002486476046,2726875,0.068366900128479,indie,False
234,2020-12-03T00:00:00.000Z,160,Still Goin Down,32021882,['Morgan Wallen'],[212715],1769075,2,-17.0,Morgan Wallen,,212715,,6211895,9967994,False,-17.0,41,3202925,best50,3756099,60.46623453873576,1011081,0.10143274564571368,indie,False
235,2020-12-03T00:00:00.000Z,161,Blastoff (feat. Juice Wrld & Trippie Redd),31148788,"['Internet Money', 'Juice WRLD', 'Trippie Redd']","[1146681, 921966, 526471]",1742611,9,-2.0,Internet Money,Juice WRLD,1146681,921966.0,3332735,29842456,True,3.4285714285714306,18,4637820,best50,26509721,795.4344104766806,169846,0.0056914216443847655,indie,False
236,2020-12-03T00:00:00.000Z,180,Pretty Heart,25019663,['Parker McCollum'],[41613],1649694,8,-5.428571428571429,Parker McCollum,,41613,,626332,2973664,False,7.28571428571429,132,1814772,worst50,2347332,374.7744007970214,104023,0.034981423590560334,indie,False
237,2020-12-10T00:00:00.000Z,2,Rockin' Around The Christmas Tree,15530168,['Brenda Lee'],[201788],8257966,18,0.14285714285714302,Brenda Lee,,201788,,625145,15053309,False,7.428571428571429,2,8257966,best50,14428164,2307.97079077654,188204,0.012502500280835264,indie,False
238,2020-12-10T00:00:00.000Z,4,It's the Most Wonderful Time of the Year,15803530,['Andy Williams'],[206565],7170716,9,0.28571428571428603,Andy Williams,,206565,,1418816,14468077,False,9.285714285714286,4,7170716,best50,13049261,919.7289148134782,320242,0.022134385931177995,indie,False
239,2020-12-10T00:00:00.000Z,6,Last Christmas,12550500,['Wham!'],[482],6872235,29,0.28571428571428603,Wham!,,482,,6840327,25343039,False,10.4285714285714,6,6872235,best50,18502712,270.4945538422359,1394380,0.05502023652333092,indie,False
240,2020-12-10T00:00:00.000Z,11,"Lemonade (feat. Gunna, Don Toliver & NAV)",30985139,"['Internet Money', 'Gunna', 'Don Toliver', 'NAV']","[1146681, 620149, 838183, 476687]",5967331,12,-0.28571428571428603,Internet Money,Gunna,1146681,620149.0,3332735,29842456,True,0.7142857142857142,1,8615865,best50,26509721,795.4344104766806,169846,0.0056914216443847655,indie,False
241,2020-12-10T00:00:00.000Z,12,Mood (feat. iann dior),30361159,"['24kGoldn', 'iann dior']","[1005525, 1416285]",5890081,20,-0.14285714285714302,24kGoldn,iann dior,1005525,1416285.0,5790432,42134582,True,6.0,2,10323110,best50,36344150,627.6586962768928,557965,0.013242447735686568,indie,False
242,2020-12-10T00:00:00.000Z,14,Body,32021398,['Megan Thee Stallion'],[788785],5344693,5,-0.14285714285714302,Megan Thee Stallion,,788785,,7364874,33408712,False,1.0,13,5631945,best50,26043838,353.6223158739715,2628012,0.07866247582367138,indie,False
243,2020-12-10T00:00:00.000Z,19,Whoopty,31140457,['CJ'],[826529],4607301,7,2.14285714285714,CJ,,826529,,940,7742722,False,7.0,19,4607301,best50,7741782,823593.8297872341,21839,0.002820584285474798,indie,False
244,2020-12-10T00:00:00.000Z,20,WITHOUT YOU,31894832,['The Kid LAROI'],[1333786],4602531,6,11.4285714285714,The Kid LAROI,,1333786,,403958,17121042,False,11.4285714285714,20,4602531,best50,16717084,4138.322300833255,791775,0.046245724997345375,indie,False
245,2020-12-10T00:00:00.000Z,23,For The Night (feat. Lil Baby & DaBaby),29991795,"['Pop Smoke', 'Lil Baby', 'DaBaby']","[1401297, 731530, 398544]",4546990,25,-1.14285714285714,Pop Smoke,Lil Baby,1401297,731530.0,4275931,39885895,True,2.14285714285714,2,7914498,best50,35609964,832.8002486476046,2726875,0.068366900128479,indie,False
246,2020-12-10T00:00:00.000Z,25,Let It Snow! Let It Snow! Let It Snow!,15170667,['Dean Martin'],[245],4500701,15,0.14285714285714302,Dean Martin,,245,,2545921,16869941,False,10.7142857142857,25,4500701,best50,14324020,562.6262558814669,994815,0.05896967867285369,indie,False
247,2020-12-10T00:00:00.000Z,31,What You Know Bout Love,29992521,['Pop Smoke'],[1401297],4180091,17,-1.14285714285714,Pop Smoke,,1401297,,4275931,39885895,False,12.4285714285714,6,6250888,best50,35609964,832.8002486476046,2726875,0.068366900128479,indie,False
248,2020-12-10T00:00:00.000Z,40,Tyler Herro,31747497,['Jack Harlow'],[152627],3592062,7,0.7142857142857142,Jack Harlow,,152627,,1283302,18465339,False,1.14285714285714,9,5139806,best50,17182037,1338.8927158221525,521403,0.028236849591550962,indie,False
249,2020-12-10T00:00:00.000Z,41,Heather,28789080,['Conan Gray'],[562618],3586662,25,-0.14285714285714302,Conan Gray,,562618,,7607326,21425657,False,8.0,9,5760007,best50,13818331,181.64504847038242,2116368,0.09877727436782917,indie,False
250,2020-12-10T00:00:00.000Z,48,Sweater Weather,15790443,['The Neighbourhood'],[4298],3306917,18,2.85714285714286,The Neighbourhood,,4298,,7272588,13740140,False,6.142857142857139,48,3306917,best50,6467552,88.93054301989883,4822015,0.35094365850711856,indie,True
251,2020-12-10T00:00:00.000Z,50,It's Beginning to Look a Lot Like Christmas,15679558,"['Perry Como', 'The Fontane Sisters']","[206564, 91805]",3203004,15,2.85714285714286,Perry Como,The Fontane Sisters,206564,91805.0,868185,6735088,True,14.857142857142902,50,3203004,worst50,5866903,675.7664553061848,284630,0.042260769272799405,indie,False
252,2020-12-10T00:00:00.000Z,51,"WHATS POPPIN (feat. DaBaby, Tory Lanez & Lil Wayne) - Remix",29905020,"['Jack Harlow', 'Tory Lanez', 'DaBaby', 'Lil Wayne']","[152627, 4234, 398544, 1465]",3197026,25,0.42857142857142894,Jack Harlow,Tory Lanez,152627,4234.0,1283302,18465339,True,27.714285714285694,2,8227016,best50,17182037,1338.8927158221525,521403,0.028236849591550962,indie,False
253,2020-12-10T00:00:00.000Z,52,SO DONE,31745264,['The Kid LAROI'],[1333786],3186077,7,0.0,The Kid LAROI,,1333786,,403958,17121042,False,0.0,13,4407050,best50,16717084,4138.322300833255,791775,0.046245724997345375,indie,False
254,2020-12-10T00:00:00.000Z,61,Santa Claus Is Coming To Town,15551391,['The Jackson 5'],[1528],2981342,5,3.71428571428571,The Jackson 5,,1528,,6032224,12958288,False,3.71428571428571,61,2981342,worst50,6926064,114.81775212591576,1033123,0.0797268126777241,indie,False
255,2020-12-10T00:00:00.000Z,62,you broke me first,29094941,['Tate McRae'],[550577],2949381,23,-0.5714285714285711,Tate McRae,,550577,,3801186,23387572,False,5.857142857142861,16,4333186,best50,19586386,515.2703919250466,942321,0.040291527483058094,indie,False
256,2020-12-10T00:00:00.000Z,68,Put Your Records On,31381561,['Ritt Momney'],[531390],2761272,15,-1.28571428571429,Ritt Momney,,531390,,175718,16211288,False,8.428571428571429,16,4149353,best50,16035570,9125.741244494018,69488,0.004286395997652993,indie,False
257,2020-12-10T00:00:00.000Z,74,Forever After All,31745083,['Luke Combs'],[207759],2690644,9,-1.0,Luke Combs,,207759,,7904711,11328621,False,0.0,2,9647926,best50,3423910,43.31480303327977,3859200,0.3406592911882214,indie,True
258,2020-12-10T00:00:00.000Z,76,Sofia,24684205,['Clairo'],[601559],2620713,12,-0.14285714285714302,Clairo,,601559,,6163520,15342473,False,4.28571428571429,27,3310357,best50,9178953,148.9238779139193,1876274,0.12229280116706087,indie,False
259,2020-12-10T00:00:00.000Z,78,Martin & Gina,29427847,['Polo G'],[1120779],2587100,21,-1.85714285714286,Polo G,,1120779,,6972084,14502757,False,12.5714285714286,26,3530585,best50,7530673,108.0117938911809,2513278,0.17329656699067633,indie,False
260,2020-12-10T00:00:00.000Z,79,GO (feat. Juice WRLD),29758304,"['The Kid LAROI', 'Juice WRLD']","[1333786, 921966]",2582886,22,2.14285714285714,The Kid LAROI,Juice WRLD,1333786,921966.0,403958,17121042,True,6.0,15,4770964,best50,16717084,4138.322300833255,791775,0.046245724997345375,indie,False
261,2020-12-10T00:00:00.000Z,82,Carol of the Bells,15825660,"['Mykola Dmytrovych Leontovych', 'John Williams']","[207783, 2239]",2417126,21,4.85714285714286,Mykola Dmytrovych Leontovych,John Williams,207783,2239.0,6275275,2945544,True,4.85714285714286,82,2417126,worst50,-3329731,-53.06111684348495,1909,0.0006480976009864391,indie,False
262,2020-12-10T00:00:00.000Z,83,Somebody’s Problem,32019714,['Morgan Wallen'],[212715],2402679,5,-1.57142857142857,Morgan Wallen,,212715,,6211895,9967994,False,-1.57142857142857,10,5470955,best50,3756099,60.46623453873576,1011081,0.10143274564571368,indie,False
263,2020-12-10T00:00:00.000Z,84,"Baby, It's Cold Outside",15170689,['Dean Martin'],[245],2400368,13,3.85714285714286,Dean Martin,,245,,2545921,16869941,False,3.85714285714286,84,2400368,worst50,14324020,562.6262558814669,994815,0.05896967867285369,indie,False
264,2020-12-10T00:00:00.000Z,85,Hello (feat. A Boogie Wit da Hoodie),30283164,"['Pop Smoke', 'A Boogie Wit da Hoodie']","[1401297, 195737]",2390671,16,0.5714285714285711,Pop Smoke,A Boogie Wit da Hoodie,1401297,195737.0,4275931,39885895,True,4.71428571428571,85,2424379,worst50,35609964,832.8002486476046,2726875,0.068366900128479,indie,False
265,2020-12-10T00:00:00.000Z,87,Moonwalking in Calabasas Remix,31066749,"['DDG', 'Blueface']","[38708, 1110871]",2382952,11,2.0,DDG,Blueface,38708,1110871.0,1216065,5447504,True,12.0,40,3134979,best50,4231439,347.96158100101565,281758,0.05172240350810206,indie,False
266,2020-12-10T00:00:00.000Z,90,I Saw Mommy Kissing Santa Claus,15551403,['The Jackson 5'],[1528],2335745,4,4.42857142857143,The Jackson 5,,1528,,6032224,12958288,False,4.42857142857143,90,2335745,worst50,6926064,114.81775212591576,1033123,0.0797268126777241,indie,False
267,2020-12-10T00:00:00.000Z,93,Mood Swings (feat. Lil Tjay),29991728,"['Pop Smoke', 'Lil Tjay']","[1401297, 1349373]",2281366,25,0.42857142857142894,Pop Smoke,Lil Tjay,1401297,1349373.0,4275931,39885895,True,6.857142857142861,10,5673598,best50,35609964,832.8002486476046,2726875,0.068366900128479,indie,False
268,2020-12-10T00:00:00.000Z,96,Daisy,30060901,['Ashnikko'],[431589],2267749,15,1.14285714285714,Ashnikko,,431589,,2329441,10784481,False,6.0,40,2765694,best50,8455040,362.9643335031881,519233,0.04814631320691279,indie,False
269,2020-12-10T00:00:00.000Z,97,O Tannenbaum,15158709,['Vince Guaraldi Trio'],[206562],2264725,6,7.142857142857139,Vince Guaraldi Trio,,206562,,6779478,4034690,False,7.142857142857139,97,2264725,worst50,-2744788,-40.48671593889677,87736,0.021745412906567792,indie,False
270,2020-12-10T00:00:00.000Z,99,7 Summers,30989749,['Morgan Wallen'],[212715],2249665,16,-0.14285714285714302,Morgan Wallen,,212715,,6211895,9967994,False,3.28571428571429,3,8633854,best50,3756099,60.46623453873576,1011081,0.10143274564571368,indie,False
271,2020-12-10T00:00:00.000Z,101,Took Her To The O,28552271,['King Von'],[1136101],2242341,7,-0.28571428571428603,King Von,,1136101,,782603,5487103,False,-0.28571428571428603,37,3050937,best50,4704500,601.134930481994,554270,0.10101323047881552,indie,False
272,2020-12-10T00:00:00.000Z,103,Dicked Down in Dallas,32132362,['Trey Lewis'],[717075],2228586,1,,Trey Lewis,,717075,,2745,501947,False,,103,2228586,worst50,499202,18185.865209471765,41310,0.08229952564713007,indie,False
273,2020-12-10T00:00:00.000Z,108,E-GIRLS ARE RUINING MY LIFE!,31530668,"['CORPSE', 'Savage Ga$p']","[3598001, 1089461]",2189263,11,2.57142857142857,CORPSE,Savage Ga$p,3598001,1089461.0,9659,3593353,True,3.71428571428571,59,2407409,worst50,3583694,37102.12237291645,839850,0.2337232106058047,indie,True
274,2020-12-10T00:00:00.000Z,111,death bed (coffee for your head) (feat. beabadoobee),28419993,"['Powfu', 'beabadoobee']","[1119813, 794643]",2156948,45,1.28571428571429,Powfu,beabadoobee,1119813,794643.0,807347,13741983,True,2.57142857142857,9,5767755,best50,12934636,1602.1160665736047,677905,0.04933094444957471,indie,False
275,2020-12-10T00:00:00.000Z,115,More Than My Hometown,29097093,['Morgan Wallen'],[212715],2111801,16,-1.85714285714286,Morgan Wallen,,212715,,6211895,9967994,False,11.714285714285701,57,2627370,worst50,3756099,60.46623453873576,1011081,0.10143274564571368,indie,False
276,2020-12-10T00:00:00.000Z,117,Daddy Issues,15796704,['The Neighbourhood'],[4298],2101446,15,1.14285714285714,The Neighbourhood,,4298,,7272588,13740140,False,5.71428571428571,96,2101446,worst50,6467552,88.93054301989883,4822015,0.35094365850711856,indie,True
277,2020-12-10T00:00:00.000Z,118,Silver Bells,15619062,['Dean Martin'],[245],2091432,10,6.571428571428571,Dean Martin,,245,,2545921,16869941,False,6.571428571428571,118,2091432,worst50,14324020,562.6262558814669,994815,0.05896967867285369,indie,False
278,2020-12-10T00:00:00.000Z,124,Bang!,28457034,['AJR'],[3724],2054848,16,4.57142857142857,AJR,,3724,,5939764,7184634,False,5.71428571428571,123,2054848,worst50,1244870,20.958240091693877,1493846,0.20792235206414134,indie,False
279,2020-12-10T00:00:00.000Z,125,Have Yourself A Merry Little Christmas,15528657,['Judy Garland'],[49810],2049365,6,8.142857142857139,Judy Garland,,49810,,531320,3236201,False,8.142857142857139,125,2049365,worst50,2704881,509.086990890612,157560,0.04868671630717622,indie,False
280,2020-12-10T00:00:00.000Z,126,Are You Bored Yet? (feat. Clairo),22358948,"['Wallows', 'Clairo']","[568354, 601559]",2027384,32,-0.28571428571428603,Wallows,Clairo,568354,601559.0,3240941,8582008,True,5.857142857142861,70,2705067,worst50,5341067,164.79988373747008,1489800,0.17359573656887758,indie,False
281,2020-12-10T00:00:00.000Z,127,WHATS POPPIN,28258317,['Jack Harlow'],[152627],2026662,41,4.28571428571429,Jack Harlow,,152627,,1283302,18465339,False,4.42857142857143,6,6492241,best50,17182037,1338.8927158221525,521403,0.028236849591550962,indie,False
282,2020-12-10T00:00:00.000Z,129,Line Without a Hook,14803912,['Ricky Montgomery'],[41976],2025014,4,-3.28571428571429,Ricky Montgomery,,41976,,305726,3924076,False,7.0,96,2137934,worst50,3618350,1183.5270798034842,220101,0.05608989224469658,indie,False
283,2020-12-10T00:00:00.000Z,130,Whiskey Glasses,13965769,['Morgan Wallen'],[212715],2014075,87,-1.14285714285714,Morgan Wallen,,212715,,6211895,9967994,False,3.71428571428571,59,2420103,worst50,3756099,60.46623453873576,1011081,0.10143274564571368,indie,False
284,2020-12-10T00:00:00.000Z,139,Heat Waves,29681793,['Glass Animals'],[3656],1965671,3,,Glass Animals,,3656,,3551713,6963468,False,,139,1965671,worst50,3411755,96.05942259411164,1374931,0.1974491733142164,indie,False
285,2020-12-10T00:00:00.000Z,143,If The World Was Ending (feat. Julia Michaels),26187797,"['JP Saxe', 'Julia Michaels']","[572217, 473044]",1945269,58,-0.5714285714285711,JP Saxe,Julia Michaels,572217,473044.0,7553719,12341922,True,4.28571428571429,47,2982149,best50,4788203,63.38868311092853,174770,0.01416067934961832,indie,False
286,2020-12-10T00:00:00.000Z,147,Electric Love,15932780,['BØRNS'],[5054],1901174,26,-1.85714285714286,BØRNS,,5054,,3323342,9258322,False,6.71428571428571,44,3087127,best50,5934980,178.5846897490538,911897,0.0984948460422958,indie,False
287,2020-12-10T00:00:00.000Z,148,Chasin' You,19134485,['Morgan Wallen'],[212715],1894593,41,0.7142857142857142,Morgan Wallen,,212715,,6211895,9967994,False,5.857142857142861,55,2711730,worst50,3756099,60.46623453873576,1011081,0.10143274564571368,indie,False
288,2020-12-10T00:00:00.000Z,149,Dior,24685977,['Pop Smoke'],[1401297],1888321,41,0.14285714285714302,Pop Smoke,,1401297,,4275931,39885895,False,12.714285714285701,18,4250482,best50,35609964,832.8002486476046,2726875,0.068366900128479,indie,False
289,2020-12-10T00:00:00.000Z,151,21,29427913,['Polo G'],[1120779],1883577,31,0.14285714285714302,Polo G,,1120779,,6972084,14502757,False,18.4285714285714,42,3019467,best50,7530673,108.0117938911809,2513278,0.17329656699067633,indie,False
290,2020-12-10T00:00:00.000Z,156,Here Comes Santa Claus (Right Down Santa Claus Lane),15772671,['Gene Autry'],[545],1863760,11,,Gene Autry,,545,,115041,3940619,False,,156,1863760,worst50,3825578,3325.4039864048473,35735,0.009068372253191691,indie,False
291,2020-12-10T00:00:00.000Z,157,Cool Yule,15529408,"['Louis Armstrong', 'The Commanders']","[375, 277340]",1860088,1,,Louis Armstrong,The Commanders,375,277340.0,5445752,9139927,True,,157,1860088,worst50,3694175,67.8359021857771,2142349,0.23439454166318835,indie,True
292,2020-12-10T00:00:00.000Z,159,ALWAYS DO,31892296,['The Kid LAROI'],[1333786],1857240,5,-6.571428571428571,The Kid LAROI,,1333786,,403958,17121042,False,-2.71428571428571,44,2853262,best50,16717084,4138.322300833255,791775,0.046245724997345375,indie,False
293,2020-12-10T00:00:00.000Z,163,Sunday Best,22259898,['Surfaces'],[517404],1849452,47,0.857142857142857,Surfaces,,517404,,3735968,10102411,False,6.28571428571429,14,5136659,best50,6366443,170.40946282195137,620496,0.06142058564039812,indie,False
294,2020-12-10T00:00:00.000Z,167,The Woo (feat. 50 Cent & Roddy Ricch),29989325,"['Pop Smoke', '50 Cent', 'Roddy Ricch']","[1401297, 907, 839964]",1822719,23,-1.28571428571429,Pop Smoke,50 Cent,1401297,907.0,4275931,39885895,True,2.0,8,6346415,best50,35609964,832.8002486476046,2726875,0.068366900128479,indie,False
295,2020-12-10T00:00:00.000Z,173,One Of Them Girls,29000305,['Lee Brice'],[3208],1790679,2,,Lee Brice,,3208,,4629716,6239445,False,7.428571428571429,64,2230006,worst50,1609729,34.76949774025016,1393166,0.2232836414136193,indie,True
296,2020-12-10T00:00:00.000Z,174,PTSD,28603055,"['G Herbo', 'Chance the Rapper', 'Juice WRLD', 'Lil Uzi Vert']","[214389, 4257, 921966, 5732]",1789343,38,,G Herbo,Chance the Rapper,214389,4257.0,1314160,3733995,True,4.0,31,4010910,best50,2419835,184.1354933950204,1029216,0.2756340059373405,indie,True
297,2020-12-10T00:00:00.000Z,180,Girls in the Hood,29919848,['Megan Thee Stallion'],[788785],1767928,3,-1.0,Megan Thee Stallion,,788785,,7364874,33408712,False,6.428571428571429,37,3253223,best50,26043838,353.6223158739715,2628012,0.07866247582367138,indie,False
298,2020-12-10T00:00:00.000Z,181,Maniac,26595159,['Conan Gray'],[562618],1759578,32,1.57142857142857,Conan Gray,,562618,,7607326,21425657,False,3.71428571428571,73,2511182,worst50,13818331,181.64504847038242,2116368,0.09877727436782917,indie,False
299,2020-12-10T00:00:00.000Z,183,Christmas Time Is Here - Vocal,15158714,['Vince Guaraldi Trio'],[206562],1755305,13,,Vince Guaraldi Trio,,206562,,6779478,4034690,False,,183,1755305,worst50,-2744788,-40.48671593889677,87736,0.021745412906567792,indie,False
300,2020-12-10T00:00:00.000Z,188,Better Together,26956316,['Luke Combs'],[207759],1737049,9,-3.28571428571429,Luke Combs,,207759,,7904711,11328621,False,13.857142857142902,38,2932026,best50,3423910,43.31480303327977,3859200,0.3406592911882214,indie,True
301,2020-12-10T00:00:00.000Z,191,Party Girl,29155495,['StaySolidRocky'],[3647326],1731268,20,-0.857142857142857,StaySolidRocky,,3647326,,6995,8203994,False,6.0,2,8299048,best50,8196999,117183.68834882056,124267,0.0151471344323265,indie,False
302,2020-12-10T00:00:00.000Z,195,Mr Loverman,14803918,['Ricky Montgomery'],[41976],1708554,4,-3.0,Ricky Montgomery,,41976,,305726,3924076,False,-0.857142857142857,155,1708554,worst50,3618350,1183.5270798034842,220101,0.05608989224469658,indie,False
303,2020-12-10T00:00:00.000Z,197,Beautiful Crazy,19173498,['Luke Combs'],[207759],1707684,125,-3.14285714285714,Luke Combs,,207759,,7904711,11328621,False,4.57142857142857,69,2176128,worst50,3423910,43.31480303327977,3859200,0.3406592911882214,indie,True
304,2020-12-10T00:00:00.000Z,198,Just The Two Of Us (feat. Bill Withers),15275075,"['Grover Washington, Jr.', 'Bill Withers']","[11492, 822]",1704552,1,,"Grover Washington, Jr.",Bill Withers,11492,822.0,1036884,4072160,True,,198,1704552,worst50,3035276,292.73052723351884,158905,0.03902228792581824,indie,False
